index,name,hash
0,,
1,IASystemCopy,000ABEE5
2,IASystemClear,0007FA75
3,IAFilter,00097C15
4,IAFilter0,00030D3B
5,IAFilter1,00043DAD
6,IAFilter2,000D6C17
7,IADevelopPrim2D,0007ABFA
8,IADevelopPrim3D,000C9ABB
9,IACollisionInput,000FC7FE
10,IASwing,0001A6A1
11,IASwing2,00073358
12,IASwingHighPrecision,000F367F
13,IASwing2HighPrecision,0002001E
14,IAInstancing,0007698A
15,IAInstancingColor,0008771A
16,IALatticeDeform,0007EBD8
17,IATetraDeform,00006942
18,IATetraDeform2,0003A155
19,IASkinBridge1wt,000B0983
20,IASkinBridge2wt,000DB7DA
21,IASkinBridge4wt,0000CB68
22,IASkinBridge8wt,000A320C
23,IASkinBridge4wt4M,0005D5AD
24,IASkinTB1wt,000A8FAB
25,IASkinTBN1wt,000667B1
26,IASkinTBC1wt,000CBF6C
27,IASkinTBNLA1wt,000D8778
28,IASkinTB2wt,000C31F2
29,IASkinTBN2wt,0000D9E8
30,IASkinTBC2wt,000A0135
31,IASkinTBNLA2wt,000B3921
32,IASkinTB4wt,00014D40
33,IASkinTBN4wt,000DA55A
34,IASkinTBC4wt,00077D87
35,IASkinTBNLA4wt,00064593
36,IASkinTB8wt,000BB424
37,IASkinTBN8wt,00075C3E
38,IASkinTBC8wt,000D84E3
39,IASkinTBNLA8wt,000CBCF7
40,IANonSkinTB,000D8297
41,IANonSkinTBC,00049B4F
42,IANonSkinTBL,000B86DE
43,IANonSkinTBL_LA,000D4504
44,IANonSkinTBN,0005E7F2
45,IANonSkinTBA,000AFA63
46,IANonSkinTBNC,000926FD
47,IANonSkinTBNL,00063B6C
48,IANonSkinTBNL_LA,0005402F
49,IANonSkinTBNA,000747D1
50,IANonSkinTBLA,00012553
51,IANonSkinTBCA,0009399C
52,IANonSkinTBNCA,000B6681
53,IANonSkinTBNLA,00037A4E
54,IANonSkinB,000A7D7D
55,IANonSkinBC,000207D6
56,IANonSkinBL,000D1A47
57,IANonSkinBL_LA,0008A618
58,IANonSkinBA,000C66FA
59,IANonSkinBLA,0002082F
60,IANonSkinBCA,000A14E0
61,IASkinOTB_4WT_4M,0002F55C
62,IANonSkinTBN_4M,0004325A
63,IASkinVelocytyEdge,000EFC14
64,IADualParaboloid,000B4229
65,IA_DeferredLighting_LightVolume,000A0978
66,IAPrimitiveCloudBillboard,00064435
67,IAPrimitiveCloud,000ED029
68,IAPrimitiveSprite,000CCC74
69,IAPrimitiveNT,00028185
70,IAPrimitivePolyline,00055CE2
71,IAPrimitivePolygon,000814BA
72,IACubeMapFilter,00050217
73,IAGSDOFFilter,0007D107
74,IABokeh,000377D7
75,IAWater,00040521
76,IAWaterRipple,000C463C
77,IAGUI,000FC6E2
78,IATextureBlend,000FA335
79,IAGPUParticle,00077562
80,IAGPULineParticle,000833A2
81,IAGPUPolylineParticle,00014093
82,IALightShaftInput,0001AF65
83,IAGrass,000A8E08
84,IAGrassHicomp,000A6451
85,IAGrassHicomp2,000E8A86
86,IAGrassPoint,0004BB95
87,IAGrassLowest,000B6D3F
88,IAGrassSPU,000C8705
89,IAGrassOutsourcing,00011035
90,IAGrassOutsourcingF32,0001533B
91,IAMirage,00002AA4
92,IASimWaterForViewInput,000ABE96
93,IASoftBodyQuad,000CC1FE
94,IASoftBodyVertex,00079A5E
95,IASoftBodyDecouple,000CFF47
96,IASoftBodyVertexNoVTF,0004D186
97,IASoftBodyVertexPS3,0000D4E3
98,IASoftBodyDecoupleNoVTF,00081FCF
99,IATattooBlend2D,00096284
100,IABuilder,0006D5D5
101,IASky,000CE69F
102,IAAstralBody,0009821B
103,IASkyStar,00013845
104,IAAmbientShadow,000507E4
105,IAVertexIndexF32,00078320
106,IAVertexIndexF16,000C25BB
107,IATriangleF32,0006E59D
108,IATriangleF16,000D4306
109,IAInfParticle,000710F8
110,IATVNoisePrimitive,00021938
111,IATVNoisePrimitiveVColor,00052377
112,IA_SYSTEM_COPY,000C07AE
113,IA_SYSTEM_CLEAR,000C841C
114,SYSTEM_OUTPUT,000E65D9
115,SYSTEM_DEPTHOUT,000DBABE
116,SYSTEM_MRT2,000670A3
117,SYSTEM_MRT3,00014035
118,SYSTEM_MRT4,0005D596
119,PROCEDURAL_TEXTURE_OUT,000706B8
120,IA_FILTER,00033C18
121,IA_FILTER0,00003BC6
122,IA_FILTER1,00070B50
123,IA_FILTER2,000E5AEA
124,FILTER_OUT,000CA1B5
125,FILTER_INPUT,000872F1
126,FILTER_OUTPUT_16,0002D292
127,SMAA_OUTPUT,000747F4
128,IA_DEVELOP_PRIM2D,000DB25C
129,IA_DEVELOP_PRIM3D,0006831D
130,DEVELOP_OUTPUT,0008A5F0
131,IA_COLLISION_VS_INPUT,000A1598
132,COLLISION_OUT,000BC628
133,MATERIAL_CONTEXT,000CFCA6
134,FOG_OUT,0007B5D7
135,SKINNING_INPUT,00015DC1
136,LIGHT_PARAM,00006065
137,LIGHT_OUTPUT,000F4F94
138,DEFERRED_LIGHTING_RESULT,0005C34F
139,MATERIAL_INPUT,00041E6D
140,MORPH_INPUT,00055AA6
141,SOFTBODY_INPUT,00025636
142,LATTICE_DEFORM_INPUT,0008F876
143,SWING_INPUT,0000FB2B
144,INSTANCING_INPUT,00097ADE
145,PROJECTION_INPUT,0006D2BA
146,MATERIAL_OUTPUT,00031D65
147,MATERIAL_HS_INPUT,000580D5
148,MATERIAL_HS_OUTPUT,000AE745
149,MATERIAL_OUTPUT_EX,000B7EF8
150,IA_SWING,000BBF48
151,IA_SWING2,0003539D
152,IA_SWING_HIGH_PRECISION,000CB731
153,IA_SWING2_HIGH_PRECISION,000BA420
154,SWING_INFO,000530AE
155,IA_INSTANCING,0000F5F8
156,IA_INSTANCING_COLOR,0005FAF2
157,IA_LATTICE_DEFORM,00095853
158,IA_TETRA_DEFORM,0009F45C
159,IA_TETRA_DEFORM2,0009B5AB
160,WORLD_COORDINATE_INPUT,000E9811
161,IA_SKIN_BRIDGE_1WT,0008D8CF
162,IA_SKIN_BRIDGE_2WT,000E6696
163,IA_SKIN_BRIDGE_4WT,00031A24
164,IA_SKIN_BRIDGE_8WT,0009E340
165,IA_SKIN_BRIDGE_4WT_4M,0008717A
166,IA_SKIN_TB_1WT,00053790
167,IA_SKIN_TBN_1WT,000E29CD
168,IA_SKIN_TBC_1WT,000EED7C
169,IA_SKIN_TBNLA_1WT,0002A3A1
170,IA_SKIN_TB_2WT,000389C9
171,IA_SKIN_TBN_2WT,00089794
172,IA_SKIN_TBC_2WT,00085325
173,IA_SKIN_TBNLA_2WT,00041DF8
174,IA_SKIN_TB_4WT,000EF57B
175,IA_SKIN_TBN_4WT,0005EB26
176,IA_SKIN_TBC_4WT,00052F97
177,IA_SKIN_TBNLA_4WT,0009614A
178,IA_SKIN_TB_8WT,00040C1F
179,IA_SKIN_TBN_8WT,000F1242
180,IA_SKIN_TBC_8WT,000FD6F3
181,IA_SKIN_TBNLA_8WT,0003982E
182,IA_NONSKIN_TB,0003168B
183,IA_NONSKIN_TBC,00007994
184,IA_NONSKIN_TBL,000F6405
185,IA_NONSKIN_TBL_LA,000E28CE
186,IA_NONSKIN_TBN,00010529
187,IA_NONSKIN_TBA,000E18B8
188,IA_NONSKIN_TBNL,0003D4D2
189,IA_NONSKIN_TBNL_LA,000E98EC
190,IA_NONSKIN_TBNC,000CC943
191,IA_NONSKIN_TBNA,0002A86F
192,IA_NONSKIN_TBLA,0004CAED
193,IA_NONSKIN_TBCA,000CD622
194,IA_NONSKIN_TBNCA,0003EDE5
195,IA_NONSKIN_TBNLA,000BF12A
196,IA_NONSKIN_B,00006CB0
197,IA_NONSKIN_BC,000C93CA
198,IA_NONSKIN_BL,00038E5B
199,IA_NONSKIN_BL_LA,00002D7C
200,IA_NONSKIN_BA,0002F2E6
201,IA_NONSKIN_BLA,0006EAF4
202,IA_NONSKIN_BCA,000EF63B
203,IA_SKIN_OTB_4WT_4M,000AB495
204,IA_NONSKIN_TBN_4M,00075F90
205,MATERIAL_VELOCITY_OUTPUT,00044A51
206,IA_SKIN_VELOCITY_EDGE,00007760
207,OUTLINE_DETECTOR,000AF772
208,MATERIAL_OUTLINE_OUTPUT,000A4D9B
209,ShadowReceiveParam,00074524
210,ShadowReceiveContext,00082E10
211,SHADOWRECEIVE_OUTPUT,000FE3AB
212,SHADOWRECEIVE_DEFERRED_OUTPUT,0009F0E6
213,IA_DUAL_PARABOLOID,000D5ABD
214,DUAL_PARABOLOID_OUTPUT,000258E3
215,DEFERRED_LIGHTING_GEOMETRY_PARAMETER,000DAA39
216,DIFERRED_LIGHTING_MRT,000CFF23
217,DEFERRED_LIGHTING_GBUFFER_PASS_VS_OUTPUT,000E90EC
218,IA_DEFERRED_LIGHTING_LIGHT_VOLUME,0001ADF9
219,DEFERRED_LIGHTING_LIGHT_VOLUME_VS_OUTPUT,0006A816
220,DEFERRED_LIGHTING_LIGHT_VOLUME_MRT_PS_OUTPUT,000C99BF
221,RSM_PARAM,0003913B
222,RSM_OUTPUT,000A8096
223,ADHESION_INPUT,000BF40B
224,ADHESION_OUTPUT,0001C6E2
225,ADHESION_OUTPUT_PV,00064692
226,HS_PN_CONSTANT,00060350
227,HS_PH_CONSTANT,00087317
228,MATERIAL_PH_OUTPUT,00032A51
229,HS_DM_CONSTANT,000E0F1A
230,SHADOWCAST_INPUT,00065D64
231,SHADOWCAST_OUTPUT,00039782
232,IA_PRIMITIVE_CLOUD_BILLBOARD,000BC7FB
233,IA_PRIMITIVE_CLOUD,00021249
234,IA_PRIMITIVE_SPRITE,0003A126
235,IA_PRIMITIVE_NT,0008D153
236,IA_PRIMITIVE_POLYLINE,00010C04
237,IA_PRIMITIVE_POLYGON,0005BBC7
238,PRIMITIVE_VS_INPUT,0006B8F1
239,PRIMITIVE_VS_OUTPUT,000BF0AC
240,PRIMITIVE_HS_INPUT,00079BE8
241,PRIMITIVE_HS_CONST_DATA,000796B4
242,PRIMITIVE_HS_CONTROL_POINT,0008A335
243,PRIMITIVE_DS_OUTPUT,000D9A5B
244,PRIMITIVE_DC_OUTPUT,0006AB70
245,RADIAL_BLUR_OUTPUT,000BA85C
246,TVNOISE_FILTER_OUTPUT,000FC9BB
247,VARIANCE_FILTER_OUTPUT,00062B51
248,CUBEMAP_VARIANCE_FILTER_OUTPUT,0002A944
249,BLOOM_FILTER_OUTPUT,000553C3
250,IMAGE_PLANE_FILTER_OUT,000D800D
251,IA_CUBEMAP_FILTER,0005ADD1
252,CUBEMAP_FILTER_OUTPUT,0003D8DB
253,IA_GSDOFFILTER,0009C9CC
254,VS_DOF_INPUT,0001DFCD
255,GS_DOF_INPUT,000C7E5E
256,PS_DOF_INPUT,000C7A2D
257,GS_DOF_OUTPUT,0007C413
258,SSAO_OUTPUT,000AE49D
259,SSAO_NORMAL_OUT,000A4BEB
260,IA_BOKEH,00096E3E
261,TANGENT_FILTER_OUT,00076B67
262,PRIM_FOG_OUT,0003BB7F
263,PRIM_EYE_OUT,00041304
264,PRIM_NTB_OUT,000D8830
265,IA_WATER,000E1CC8
266,IA_WATER_VCOLOR,000F8A54
267,IA_WATER_RIPPLE,00061B3A
268,WATER_OUTPUT,000F3318
269,WATER_RIPPLE_OUTPUT,0000F552
270,WATER_POSITION_OUTPUT,000874FD
271,IA_GUI,000EA095
272,VS_OUT_GUI,0002DC14
273,IA_TEXTURE_BLEND,000940DF
274,TEXTURE_BLEND_OUTPUT,00031675
275,IA_GPU_PARTICLE,000FF8FD
276,IA_GPU_LINE_PARTICLE,000730A6
277,IA_GPU_POLYLINE_PARTICLE,00078491
278,GPU_PARTICLE_VS_INPUT,000621BA
279,GPU_PARTICLE_PS_INPUT,0009283D
280,IA_LIGHTSHAFT_INPUT,000229BF
281,LIGHTSHAFT_OUTPUT,00094B18
282,IA_GRASS,000097E1
283,IA_GRASS_HICOMP,0000CDAE
284,IA_GRASS_HICOMP2,0005BFA2
285,IA_GRASS_LOWEST,0001C4C0
286,IA_GRASS_POINT,000B3523
287,GRASS_INPUT,0001B919
288,GRASS_OUTPUT,00040DE7
289,GRASS_SHADOWRECEIVE_OUTPUT,00066DFD
290,DYNAMICEDIT_INPUT,0000CBC3
291,DYNAMICEDIT_OUTPUT,0000875F
292,GRASS_INFOMATION,00034009
293,GRASS_REFLECTION,00036F5B
294,DEFERRED_MATERIAL_PS_OUTPUT,000ED79E
295,IA_GRASS_SPU_INPUT,0009718E
296,IA_GRASS_OUTSOURCING,000C5A78
297,IA_GRASS_OUTSOURCING_F32,000BF6F7
298,GRASS_SPU_INPUT,000CD440
299,GRASS_OUTSOURCING_INPUT,0009A582
300,IA_MIRAGEFILTER,000D1C9E
301,MIRAGE_FILTER_VS_INPUT,000A01BD
302,MIRAGE_FILTER_PS_INPUT,0005083A
303,MIRAGE_HEAT_VS_INPUT,0008B6CD
304,MIRAGE_HEAT_PS_INPUT,0007BF4A
305,IA_SIMWATER_FOR_VIEW_VS_INPUT,00006A81
306,SIMWATER_FOR_VIEW_VS_OUTPUT,000F4ADC
307,SIMWATER_FOR_VIEW_PS_INPUT,00071052
308,IA_SOFTBODY_QUAD,0001C10E
309,IA_SOFTBODY_VERTEX,00017B34
310,IA_SOFTBODY_DECOUPLE,000910B8
311,IA_SOFTBODY_VERTEX_NOVTF,0004F4A8
312,IA_SOFTBODY_VERTEX_PS3,0009BA18
313,IA_SOFTBODY_DECOUPLE_NOVTF,000DE9FC
314,SB_IC_OUTPUT,000E5730
315,SB_INPUT,00060DBB
316,SB_OUTPUT,0008B897
317,SB_OUTPUT2,000DBFDF
318,SB_PSMRTOUT,000D470D
319,SB_PSMRTOUT2,0006C07A
320,SB_PSMRTOUT3,0001F0EC
321,TATTOO_OUTPUT,000960E3
322,IA_TATTOO_BLEND2D,0009BFD7
323,TATTOO_BLEND2D_OUTPUT,000BBA0B
324,IA_BUILDER,000BC3E0
325,BUILDER_VS_INPUT,000E48A8
326,BUILDER_PS_INPUT,0001412F
327,IA_SKY,00078482
328,IA_ASTRAL_BODY,000BC9A5
329,SKY_MAP_VS_OUT,000E49C1
330,SKY_OUT,00006D4B
331,ASTRAL_BODY_VS_OUT,0006136B
332,IA_SKY_STAR,0003377F
333,SKY_STAR_OUT,000A99F4
334,SKY_STARRY_SKY_OUT,000B7070
335,IA_AMBIENT_SHADOW,0003D2E3
336,AMBIENT_SHADOW_OUT,000B8E92
337,OCCLUSION_QUERY_VS_OUTPUT,00028C98
338,MRTOutput,00028615
339,MRTOutput3T,0003BCDE
340,IA_VERTEX_INDEX_F32,0007A857
341,IA_VERTEX_INDEX_F16,000C0ECC
342,TRIANGLE_INPUT,000E6233
343,TRIANGLE_OUTPUT,0008EBEA
344,IA_TRIANGLE_INDEX_F32,0004BEC1
345,IA_TRIANGLE_INDEX_F16,000F185A
346,MIRROR_OUTPUT,000224D1
347,MIRROR_FILTER,00086F52
348,IA_INF_PARTICLE,0007FEC5
349,INF_PARTICLE_VS_INPUT,000370EB
350,INF_PARTICLE_PS_INPUT,000C796C
351,IA_TVNoisePrimitive,000EA108
352,IA_TVNoisePrimitive_VCOLOR,00073B9C
353,TVNoisePrimitive_OUTPUT,00022C41
354,$Globals,0007B2C2
355,ComputeVals,00042441
356,CBViewProjection,000B933B
357,CBScreen,0009446D
358,CBViewProjectionPF,0000FF2C
359,CBViewFrustum,0006D556
360,CBWorld,00042D58
361,CBTest,000B2399
362,CBPicker,00076FDD
363,CBMipLevel,0001C76A
364,CBHDRFactor,000C3B63
365,CBROPTest,000F90C1
366,CBBlendFactor,00017FA6
367,SSPoint,000282CF
368,SSLinear,00093BBF
369,SSAnisotoropic,000A82CC
370,SSWrapPoint,00041382
371,SSWrapLinear,00071003
372,SSWrapAnisotoropic,00099E5F
373,SSBorderPoint,0000344A
374,SSBorderLinear,00058EA6
375,SSLinearMipPoint,0009099A
376,SSClampPoint,000D6FA6
377,SSClampLinear,00011DAE
378,BSDefault,0004D2C8
379,BSSolid,00062B2D
380,BSSolidEx,00067927
381,BSBlendAlpha,00023BAF
382,BSComposite,000D4823
383,BSInvComposite,000EB00E
384,BSBlendInvAlpha,0003E21B
385,BSAdd,00004F92
386,BSMul,00081DD4
387,BSAddAlpha,000D3B1D
388,BSAddInvAlpha,0009463D
389,BSBlendFactor,000A07B0
390,BSBlendFactorAlpha,00013C43
391,BSMax,000C1EFC
392,BSNoWrite,00052518
393,BSAZero,0006CEC1
394,BSAAdd,0000936D
395,BSASub,00086256
396,BSAInvert,000B806A
397,BSRGBWrite,00028BCA
398,BSRWrite,00061D96
399,BSGWrite,000D8EBE
400,BSBWrite,00001F0D
401,BSAWrite,00046DA3
402,BSAddColor,000B4A9E
403,BSBlendColor,00044A2C
404,BSRevSubAlpha,000C4064
405,BSRevSubInvAlpha,000A161B
406,BSRevSubBlendAlpha,00007017
407,BSRevSubColor,000A31E7
408,BSRevSubBlendColor,00060194
409,BSRevSub,0006A583
410,BSAddAlphaRGB,0003E185
411,BSBlendAlphaRGB,000945A3
412,BSAddColorRGB,00061AE4
413,BSBlendColorRGB,000CBEC2
414,BSAddRGB,00087D9C
415,BSRevSubAlphaRGB,0000B1A3
416,BSRevSubBlendAlphaRGB,000DFF3A
417,BSRevSubColorRGB,00054AC2
418,BSRevSubBlendColorRGB,0008045B
419,BSRevSubRGB,000DD886
420,BSMinAlpha,000E6CF4
421,BSMaxAlpha,000EC315
422,BSMinAlphaRGB,0009726C
423,BSMaxAlphaRGB,00040963
424,BSBlendAlphaEx,0004959E
425,BSAddAlphaEx,0007D43B
426,BSBlendColorEx,0008A90A
427,BSAddColorEx,000BE8AF
428,BSAccumulateColorAlpha,0007C9EE
429,DSDefault,000EAB42
430,DSZTestWrite,000B8139
431,DSZTestWriteGT,00050A08
432,DSZTest,0007D2F6
433,DSZWrite,000A967C
434,DSZWriteStencilWrite,000D79E0
435,DSZTestWriteStencilWrite,000C80A6
436,DSZTestStencilWrite,00030511
437,DSStencilWrite,00045AEB
438,RSDefault,000490B9
439,RSMesh,000108CF
440,RSMeshBias1,000C220B
441,RSMeshBias2,000573B1
442,RSMeshBias3,00024327
443,RSMeshBias4,0006D684
444,RSMeshBias5,0001E612
445,RSMeshBias6,0008B7A8
446,RSMeshBias7,000F873E
447,RSMeshBias8,00009AAF
448,RSMeshBias9,0007AA39
449,RSMeshBias10,000B5506
450,RSMeshBias11,000C6590
451,RSMeshBias12,0005342A
452,RSMeshCF,0002AB01
453,RSMeshCN,00092333
454,RSPrim,000C3C2C
455,RSScissorMesh,00029883
456,RSScissorPrim,000FAC60
457,RSWireFrame,000B3BAD
458,CBSystemGamma,00046FD4
459,CBSystemMipTarget,00073A1C
460,CBSystemNormalSlope,0002F3D9
461,CBSystemDepthCopy,0007AA9A
462,CBHDREmphasis,00083D11
463,CBSystemStencilRouting,000C0DFC
464,SSSystemCopy,000FC672
465,BSMRTWrite0001,00033564
466,BSMRTWrite0010,000F34B3
467,BSMRTWrite0011,00080425
468,BSMRTWrite0100,00066FC5
469,BSMRTWrite0101,00015F53
470,BSMRTWrite0110,000D5E84
471,BSMRTWrite0111,000A6E12
472,BSMRTWrite1000,00086297
473,BSMRTWrite1001,000F5201
474,BSMRTWrite1010,000353D6
475,BSMRTWrite1011,00046340
476,BSMRTWrite1100,000A08A0
477,BSMRTWrite1101,000D3836
478,BSMRTWrite1110,000139E1
479,SSProcedural,000A575C
480,DSFilterStencilEqual,000138A5
481,CBFilter,00017A40
482,SSFilter,0003DC11
483,CBHermiteCurve,0001EC3F
484,CBSMAA,00019C2A
485,CBDevelopFlags,0006EAA9
486,SSDevelop,000A8B0A
487,BSBlendAddAlpha,00080570
488,BSBlendBlendAlpha,0000F09B
489,BSBlendAddColor,000E74F3
490,BSBlendBlendColor,00068118
491,BSBlendAdd,00020522
492,BSBlendRevSubAlpha,0009861A
493,BSBlendRevSubBlendAlpha,0008150B
494,BSBlendRevSubColor,000FF799
495,BSBlendRevSubBlendColor,000E6488
496,BSBlendRevSub,0002FC8A
497,BSBlendMinAlpha,000B5299
498,BSBlendMaxAlpha,000BFD78
499,BSBlendNoBlend,0003E292
500,BSBlendAddAlphaRGB,000627FB
501,BSBlendBlendAlphaRGB,000257FB
502,BSBlendAddColorRGB,0003DC9A
503,BSBlendBlendColorRGB,0007AC9A
504,BSBlendAddRGB,000C2495
505,BSBlendRevSubAlphaRGB,0003D377
506,BSBlendRevSubBlendAlphaRGB,000A50C0
507,BSBlendRevSubColorRGB,00062816
508,BSBlendRevSubBlendColorRGB,000FABA1
509,BSBlendRevSubRGB,000DB05D
510,BSBlendMinAlphaRGB,000CB412
511,BSBlendMaxAlphaRGB,0001CF1D
512,BSBlendAddDestColor,000B444C
513,BSBlendBlendAddDestColor,000CF066
514,BSBlendBlendAddDestAlpha,000A81E5
515,BSBlendAddDestColorRGB,00005598
516,BSBlendBlendAddDestColorRGB,000B2935
517,BSBlendBlendAddDestAlphaRGB,000ED254
518,BSBlendNoBlendRGB,0006CEB8
519,CBLocalWind,00099073
520,CBMaterial,0006C801
521,CBFog,0007C82C
522,CBBlendFog,0009A6DA
523,BSFogBlend,00065C12
524,CBSkinning,000AB962
525,CBJointMatrix,0004E7F5
526,CBJointMatrixPF,00018096
527,CBJointMatrixEx,00057B29
528,CBAmbient,00011529
529,CBLightGroup,00025444
530,CBDeferredLightingDiscontinuitySensitiveFiltering,0007554F
531,CBDynamicLighting,000EA691
532,CBDynamicLightingDL,00006C72
533,SSTransparencyMap,000EF767
534,SSAlbedoMap,000CAA79
535,SSAlbedoMapClamp,00092388
536,SSOcclusionMap,0009788F
537,SSNormalMap,00025C76
538,SSNormalMapClamp,00080088
539,SSDetailNormalMap,0008C4BE
540,SSParallaxHeightMap,0000BA5E
541,CBLightMask,0002A7A2
542,SSLightMap,000A0809
543,SSThinMap,00078211
544,CBChannelBlend,0004E02C
545,SSFresnelMap,00041971
546,SSEnvMap,000BBF63
547,SSEnvMapLODBias1,000F7792
548,SSEnvMapLODBias2,00062628
549,SSEnvMapLODBias3,000116BE
550,SSEnvMapLODBias4,0005831D
551,SSEnvMapLODBias5,0002B38B
552,SSSphereMap,000339E2
553,SSSpecularMap,0008043E
554,SSSpecularMapClamp,0007D302
555,SSShininessMap,00020B29
556,SSEmissionMap,0006301E
557,CBDistortion,000EFCA3
558,CBDistortionRefract,000C48F7
559,SSDistortionMap,00060776
560,CBDissolve,0004BE4C
561,SSDisolveMap,000ED825
562,CBSwing1Weight,000B3C62
563,CBSwing2Weight,000326FF
564,CBQuantCompress,00034794
565,CBSwingBillboard,0004F981
566,CBInstanceMatrix,0009845C
567,CBInstanceID,000ADD99
568,CBInstanceShadowCasterCache,000F9284
569,CBLatticeDeform,0009B315
570,CBMorph,0005B30D
571,SSWrapOneLinear,000D7F0C
572,CBVertexDisplacement,00015419
573,CBVertexDisplacement2,00051814
574,CBVertexDisplacement3,00022882
575,CBVertexDisplacementWave,000CEB0F
576,CBVertexDisplacementExplosion,00061E43
577,CBVertexDisplacementRandUV,00065BA7
578,CBVertexDisplacementExplosionQuant,000B1999
579,CBVertexDispMaskUV,00061C6E
580,CBVertexDispUV,0003253F
581,CBVertexDisplacementDirExplosion,000D6E60
582,CBDebugView,0007ABFB
583,CBMotionBlur,000AE375
584,CBMaterialVelocity,000DD686
585,BSOutlineModulate,000D846B
586,BSOutlineBlend,000ED449
587,CBOutlineFilter,000CB409
588,CBOutlineMask,0004C59C
589,DSOutlineZTestStencilTest,000EDB6C
590,DSOutlineZTestWriteStencilTest,000462BD
591,CBShadowLight,00012CEB
592,CBShadowType,000B8CC1
593,CBMultiShadow,0003B517
594,CBShadowReceiverMode,00033657
595,CBShadowCasterRasterizerState,000A1D64
596,CBShadowCast,000D621E
597,CBShadowCastOption,000118C5
598,CBShadowFrustum,00007899
599,CBShadowReceive,000873D4
600,SSShadowDepth,00026B3C
601,SSShadowDepthComp,00042282
602,SSShadowVariance,00044A27
603,SSShadowVariance0,0008618D
604,SSShadowVariance1,000F511B
605,SSShadowVariance2,000600A1
606,SSShadowVariance3,00013037
607,SSShadowVarianceMIP0,00047A52
608,BSShadowRecvSolidGroup0,0000EAD2
609,BSShadowRecvSolidGroup1,0007DA44
610,BSShadowRecvTransparentGroup0,0007E510
611,BSShadowRecvTransparentGroup1,0000D586
612,BSShadowRecvMultiSolidGroup0,00044F6E
613,BSShadowRecvMultiSolidGroup1,00037FF8
614,BSShadowRecvMultiTransparentGroup0,000D9B33
615,BSShadowRecvMultiTransparentGroup1,000AABA5
616,BSShadowRecvZPass,000C3CE7
617,CBDualParaboloid,0005927C
618,DSDeferredLightingZWriteStencilTestRouted,00032881
619,DSDeferredLightingZTestStencilWriteDepthFail,000253FE
620,DSDeferredLightingZTestStencilWriteDepthPass,0005AC93
621,DSDeferredLightingZTestStencilTest,0001C51F
622,DSDeferredLightingStencilTest,000CEDCA
623,BSAccumulateColorAlphaMRT2,000B1F17
624,BSMultiplyColorAlpha,0003E812
625,BSMultiplyColorAlphaMRT2,000E9F8F
626,CBLightVolume,000B03F5
627,CBAmbientMask,0001CE5F
628,BSAmbientMaskGroup0,000B255F
629,BSAmbientMaskGroup1,000C15C9
630,BSAmbientMaskGroup2,00054473
631,BSAmbientMaskGroup3,000274E5
632,BSAmbientMaskAlphaGroup0,0006536E
633,BSAmbientMaskAlphaGroup1,000163F8
634,BSAmbientMaskAlphaGroup2,00083242
635,CBRSMIndirectLighting,00021012
636,CBAdhesion,00041BCE
637,CBMaterialSSS,00097D31
638,CBMaterialSSSBlend,00016977
639,CBTessellation,000E0FB1
640,SSDisplacementMap,000C2A7D
641,CBDisplacement,000D0BFB
642,CBShadowReceive0,000FFE12
643,CBShadowReceive1,0008CE84
644,CBShadowReceive2,00019F3E
645,CBShadowReceive3,0006AFA8
646,CBBilateralFilter,000762C6
647,CBPrimitiveDebug,0009510F
648,CBPrimitiveView,0000BDC9
649,CBPrimitiveCoord,00043955
650,CBPrimitiveEx,000F807B
651,CBPrimitiveTessellationCmn,00086183
652,CBPrimitiveMetaDataFresnel,00004801
653,CBPrimitiveMetaDataUvClamp,00088053
654,CBPrimitiveMetaDataShade,000A7282
655,CBPrimitiveMetaDataOcclusion,0008E5F5
656,CBPrimitiveMetaDataLvCorrection,0008F8DC
657,CBPrimitiveMetaDataLensFlare,000B608A
658,CBCloudMetaData,0003D833
659,CBPrimitiveModel,00096471
660,CBPrimitiveModelDistortion,0001737F
661,CBPrimitiveTessellation,0002F33E
662,CBPrimitiveParallaxTess,000120D2
663,CBPrimitiveParticleTess,0000198C
664,SSPrimOcclusionMap,000144FB
665,DSPrimStencilTestEQ,000589A0
666,DSPrimStencilTestNEQ,00055FB7
667,DSPrimZTestStencilTestEQ,000874E6
668,DSPrimZTestStencilTestNEQ,000566EF
669,DSPrimZWriteStencilTestEQ,0000B4DB
670,DSPrimZWriteStencilTestNEQ,0000523E
671,DSPrimZTestWriteStencilTestEQ,000948B0
672,DSPrimZTestWriteStencilTestNEQ,00058312
673,CBRadialBlurFilter,0002EFC0
674,SSRadialFilterClampLinear,000F144A
675,CBTVNoiseFilter,00012819
676,CBFishEyeFilter,0000E2E0
677,CBColorCorrectMatrix,0006C72D
678,CBColorCorrectGamma,00038B38
679,CBColorCorrectColor,000613A0
680,SSVariance,00020868
681,CBBloomFilter,00010368
682,CBBloomGaussBlur,000799B6
683,CBLightScattering,0000EF6D
684,CBImagePlane,00090F19
685,CBHazeFilter,00023B9F
686,CBToneMapFilter,000A6D02
687,CBCubeMapFilter,000B5ADA
688,CBDOFFilter,000FDFE1
689,CBSSAOFFilter,000E97D7
690,CBSSAOFFilterLinearDepth,000F10BA
691,CBSSAOFFilterIntensity,0000D350
692,BSSSAO,000D52C0
693,CBBokehComposite,000A2DD4
694,CBFilterEdgeAntiAliasing,00001BCA
695,CBGodRaysIterator,0001F7D8
696,CBGodRaysFilter,00042767
697,SSP2O,00093B75
698,BSGodRays,00079707
699,CBBlurMask,00067F65
700,CBBlurMaskIntermediate,0008B744
701,CBChromaticAberration,000AD62F
702,CBTangentFilter,00087825
703,CBBruteForceLightingParam,000E8494
704,CBWaterWave,00016E2F
705,CBWaterNormal,000CFBEB
706,CBWaterDetail,000FEC9C
707,CBWaterFog,000D1039
708,CBWaterCaustics,000A91AC
709,CBWaterBubble,000962F8
710,CBWaterShadow,000F1122
711,CBWaterRipple,000DF2EA
712,CBWater,000028C1
713,CBGUIGlobal,00006AB0
714,CBGUIMatrix,0006A0FC
715,CBGUIStaticColor,00031804
716,CBGUIColor,000BC61B
717,CBGUIColorAttribute,000C9548
718,CBGUICoord,0005A10F
719,CBGUIAlphaMask,000961C2
720,CBGUIFontFilter,000CC76E
721,SSGUI,000FD6D5
722,RSGUIScissorEnable,00021F00
723,BSGUIAddColorRGB,000CB2CF
724,BSGUIAddInvColor,00059F95
725,BSGUIColorBlendAlphaAdd,0005A070
726,BSGUIAlphaMaskWrite,000E7275
727,BSGUIAlphaMaskUpdate,000EE62B
728,BSGUIAlphaMaskAdd,000DFA1C
729,DSGUIStencilWrite,000085BD
730,DSGUIStencilApply,000473FD
731,DSGUIStencilApplyReverse,000A321E
732,DSGUIStencilUpdate,000C325E
733,DSGUIZTestStencilApply,0008C2A7
734,DSGUIZTestStencilApplyReverse,000786CB
735,DSGUIZTestStencilUpdate,00097605
736,DSGUIZWriteStencilApply,000B37B8
737,DSGUIZWriteStencilApplyReverse,000F50C2
738,DSGUIZWriteStencilUpdate,00094805
739,DSGUIZTestWriteStencilApply,0000944E
740,DSGUIZTestWriteStencilApplyReverse,000FBDE2
741,DSGUIZTestWriteStencilUpdate,0007948F
742,CBProjectionTexture,000830DF
743,CBTextureBlend,00021560
744,CBGPUParticleEx,000A4392
745,CBGPUParticleTex,0008B47E
746,CBGPUParticleLvCorrection,0002AE35
747,CBLightShaft,000A7A7C
748,CBMark,0000AFE4
749,SSGrass,000AEE18
750,CBGrassCommon,000E2958
751,CBGrassMaterial,00021601
752,CBGrassChain,0006DE1B
753,CBGrassBillboard,000E2745
754,CBGrassRoot,000C351B
755,CBGrassGlobalWind,000C67D4
756,CBGrassUnit,0003C013
757,CBGrassPointShadow,000CF50F
758,BSAddRWrite,0000093F
759,BSAddGWrite,000B9A17
760,BSAddBWrite,00060BA4
761,BSAddAWrite,0002790A
762,BSSubRWrite,00076747
763,BSSubGWrite,000CF46F
764,BSSubBWrite,000165DC
765,BSSubAWrite,00051772
766,BSAlphaToCoverage,000430EF
767,CBMirageCommon,000EB037
768,CBMirageNoise,000CFFE1
769,CBMirageRefract,000F1F19
770,CBMirageDepthBlend,000B67FD
771,BSRGWrite,000454F9
772,BSBAWrite,00032B2A
773,DSZTestWriteBack,000273EE
774,CBSoftBodySim,0002544D
775,CBSoftBodyRtParam2,00070110
776,CBSoftBodyDirectGrassWind,000D64A9
777,CBSoftBodyRtParam,000D5F2E
778,CBSoftBodyQuad,000177AB
779,CBSoftBodyCollision,00028ECF
780,CBSoftBodyWorldOffset,00043407
781,CBSoftBodyLWMatrix,00053F32
782,CBSbViewProjection,00084F12
783,CBSbExtrapolation,0000D2F6
784,CBTattoo,000B6932
785,CBSky,000951D0
786,CBSkyFog,0000203A
787,CBSkyAstralBody,000DD14A
788,CBSkyStar,0000B538
789,CBSkyStarrySkyColor,000BB8EF
790,CBAmbientShadow,000B5F29
791,DSAmbientShadow,00078D29
792,BSAddMRT,0003CA94
793,CBMirror,00023E17
794,CBInfParticleContext,000E1115
795,CBInfParticleTexture,00059919
796,SSInfParticle,000CA367
797,SSInfParticlePoint,000ADDAC
798,SSIndirectMapUser,00050DDC
799,SSFrozenNoizeMapUser,0002DB20
800,CBIndirectUser,0005BB67
801,CBFrozenUser,000FACD6
802,SSMVC3AlbedoMap,0000B6FD
803,SSMVC3AlbedoMapClamp,00006B55
804,SSMVC3NormalMap,000E40F2
805,SSMVC3NormalMapClamp,00014855
806,SSMVC3TransparencyMap,0008A046
807,SSMVC3SpecularMap,00062B12
808,SSMVC3OcclusionMap,000AFA43
809,SSMVC3LightMap,000B0D74
810,SSTransparencyMapClamp,000DE5E0
811,CBToon,00090268
812,CBToon2,0004F1E8
813,CBHalfLambert,000AC903
814,CBDiffuseColorCorect,0007E1BF
815,SSToonMap,00024709
816,CBHatchingFilter,000AD4F1
817,CBFurSell,000FDEC2
818,CBFilterAntiEdgeBrightness,000F7055
819,SSAntiEdgeBrightnessMask,0007BAB9
820,CBFilterAnaglyph,00087DB1
821,CBDistortionFilter,0007748F
822,tBaseMap,0000AF34
823,tCubeMap,00005A3F
824,tDepthMap,000377B6
825,tVolumeMap,000603E7
826,tTestMap,000A742C
827,tBlendMap,00099851
828,tReductionBlendMap,0008F23F
829,tOcclusionDepth,0000904D
830,tTableMap,0003C580
831,tVertexPositionMap,000298DE
832,tVertexPositionSubMap,000A227D
833,tVertexNormalMap,000282E9
834,tVertexTangentMap,00015232
835,tProcedural1D0,00085551
836,tProcedural1D1,000F65C7
837,tProcedural1D2,0006347D
838,tProcedural1D3,000104EB
839,tProcedural2D0,000EEB08
840,tProcedural2D1,0009DB9E
841,tProcedural2D2,00008A24
842,tProcedural2D3,0007BAB2
843,tFilterTempMap1,000931B7
844,tFilterTempMap2,0000600D
845,tFogTable,000EE653
846,tFogTableVTF,00074491
847,tFogVolumeMap,000E7104
848,tFogFrontDepth,0006166E
849,tFogBackDepth,000726BD
850,tFogFrontDepthSmall,0007B747
851,tFogBackDepthSmall,000A27E3
852,tMatrixMap,000E06EA
853,tMatrixPFMap,0007C770
854,tSpotLightTexture0,0000E2E4
855,tSpotLightTexture1,0007D272
856,tSpotLightTexture2,000E83C8
857,tSpotLightTexture3,0009B35E
858,tSpotLightTexture4,000D26FD
859,tSpotLightTexture5,000A166B
860,tSpotLightTexture6,000347D1
861,tSpotLightTexture7,00047747
862,tPointLightTexture0,00060F5A
863,tPointLightTexture1,00013FCC
864,tPointLightTexture2,00086E76
865,tPointLightTexture3,000F5EE0
866,tPointLightTexture4,000BCB43
867,tPointLightTexture5,000CFBD5
868,tPointLightTexture6,0005AA6F
869,tPointLightTexture7,00029AF9
870,tLightAccumulationTexture0,000225B6
871,tLightAccumulationTexture1,00051520
872,tSpheremapLutTexture,000D0E52
873,tDSFBuffer,000F0061
874,tTransparencyMap,0001698A
875,tAlbedoMap,000CD06F
876,tAlbedoBlendMap,000FF5BE
877,tOcclusionMap,0001E421
878,tNormalMap,00022660
879,tNormalBlendMap,000ED6BE
880,tDetailNormalMap,00075A53
881,tDetailNormalMap2,000D4694
882,tDetailMaskMap,00088165
883,tHeightMap,0007B571
884,tHairShiftMap,0001CB2A
885,tLightMaskMap,000C496E
886,tLightMap,000AA6F0
887,tThinMap,00005F2A
888,tIndirectMap,0006AB7E
889,tIndirectMaskMap,00090AC1
890,tFresnelMap,00047C5A
891,tEnvMap,00064C43
892,tSphereMap,000343F4
893,tGlobalEnvMap,000F1D7E
894,tMaskMap,0007A8EE
895,tSpecularMap,0000ED1B
896,tSpecularBlendMap,000181CF
897,tShininessMap,000A9787
898,tEmissionMap,000ED93B
899,tDistortionMap,00032105
900,tNoise,00045FBB
901,tDepthTestMap,00057E05
902,tWcVtfPos,0009A94B
903,tWcVtfPos1,000E818B
904,tWcVtfPrevPos,000E1A61
905,tWcVtfPrevPos1,0002EFEE
906,tShaderAttributes,0001C967
907,tVtxDisplacement,0004934A
908,tVtxDispMask,000039C0
909,tShadowMapCombine,000D8DBB
910,tShadowMapCombine0,0004F725
911,tShadowMapCombine1,0003C7B3
912,tShadowMapCombine2,000A9609
913,tShadowMapCombine3,000DA69F
914,tVirtualCubeShadowFaceSelection,000811A3
915,tVirtualCubeShadowFaceOffset,000C1F66
916,tVirtualCubeShadowIndirection,000BB0EB
917,tFrontParaboloidMap,0006D000
918,tBackParaboloidMap,000A52E7
919,tGBuffer,000FA06C
920,tComparisonTexture,0003BE61
921,tAmbientMaskMap,0000A820
922,tReflectiveShadowMap0,0004D7ED
923,tReflectiveShadowMap1,0003E77B
924,tIndirectLighting,0002323F
925,tSSSDiffuseMap0,00047A64
926,tSSSDiffuseMap1,00034AF2
927,tSSSDiffuseMap2,000A1B48
928,tSSSDiffuseMap3,000D2BDE
929,tSSSDiffuseMap4,0009BE7D
930,tSSSDiffuseMap5,000E8EEB
931,tDisplacementMap,0003B490
932,tDepthBiasMap,000EEBD1
933,tDispersionMap,0001356F
934,tPrimDepthMap,00075926
935,tPrimNormalMap,0009210A
936,tPrimMaskMap,000A9E1D
937,tPrimSceneMap,000890F8
938,tPrimAlphaMap,00072798
939,tTVNoiseMap,000D6B8A
940,tTVNoiseMaskMap,000D808A
941,tColorCorrectTableMap,000EB178
942,tCubeBlendMap,0008C5A1
943,tDOFMap,000061F3
944,tSSAONarrowMap,0002ABAF
945,tSSAOWideMap,000FA82E
946,tSSAONormalMap,0000672C
947,tSSAOReductionNormalMap,000B6053
948,tSSAOBackFaceDepthMap,00086F0B
949,tTangentMap,00034912
950,tWaterRefraction,0003FFEA
951,tWaterReflection,00035A6F
952,tWaterEnvironment,000AE385
953,tWaterDetail,000D02F0
954,tWaterDetail2,0000BE9E
955,tWaterCaustics,0000F58A
956,tWaterBubble,000B8C94
957,tWaterBubble2,000A3D51
958,tWaterBubbleMask,000A0778
959,tWaterShadow,000DFF4E
960,tWaterRipple,000F1C86
961,tWaterDepthMap,0003A000
962,tWaterSurfaceMap,000C9F82
963,tWaterSurfaceMap2,000A7F13
964,tGUIBaseMap,0005BE8C
965,tGUIBlendMap,000996FE
966,tGUIAlphaMap,000307A7
967,tYUVDecoderY,000DBCCC
968,tYUVDecoderU,000BF0E7
969,tYUVDecoderV,0002A15D
970,tTextureBlendSource0,0002267C
971,tTextureBlendSource1,000516EA
972,tTextureBlendSourceCube0,0008A204
973,tTextureBlendSourceCube1,000F9292
974,tGrassAlbedoMap,00029F23
975,tDynamicEditMap,0004A4F4
976,tWindMap,0009AA66
977,tMirageDepthMap,00079784
978,tMirageSceneMap,00085E5A
979,tMirageRefractionMap,000ECCAA
980,tMirageNoiseMap,0004839C
981,tSimWaterForView,00091766
982,tSoftBodySrcTex1,0002D4EF
983,tSoftBodySrcTex2,000B8555
984,tSoftBodySrcTex3,000CB5C3
985,tSoftBodySrcTex4,00082060
986,tSoftBodySrcTex5,000F10F6
987,tSoftBodySrcTex6,0006414C
988,tSoftBodySrcTex7,000171DA
989,tSoftBodyTexSphere,0006ED89
990,tSoftBodyTexTriangle,0007DC41
991,tSoftBodyTexBox,00060555
992,tSoftBodyTexEllipsoid,0007B304
993,tSoftBodyTexCapsule,00067C82
994,tSoftBodyTexTerrain,00088EB0
995,tSoftBodyTexDepthNorm1,00030C86
996,tSoftBodyTexDepthNorm2,000A5D3C
997,tSoftBodyTexDepthNorm3,000D6DAA
998,tSoftBodyTexDepthNorm4,0009F809
999,tSoftBodyTexDepthNorm5,000EC89F
1000,tSoftBodyTexDepthNorm6,00079925
1001,tSoftBodyTexDepthNorm7,0000A9B3
1002,tSoftBodyTexDepthNorm8,000FB422
1003,tBuilderBaseMap,000F0BBE
1004,tRayleighDepthMap,00023A7C
1005,tMieDepthMap,0006329C
1006,tRayleighScatterMap,0006EDB9
1007,tMieScatterMap,000319D3
1008,tCloudScatterMap,00076682
1009,tStarrySkyMap,000367B0
1010,tAmbientShadowMap,00002EDC
1011,tIndirectMapUser,000A9331
1012,tIndirectMapSpecularUser,000CE285
1013,tFrozenNoizeMapUser,00023264
1014,tToonMap,00059A32
1015,tToonRevMap,00051942
1016,rwTileMax,00072BBB
1017,max4,0000A961
1018,makeDirectionFromUV,000032A4
1019,easeIn,000120E2
1020,calcViewDepth,000E8D21
1021,FLinearColor,00000090
1022,FLinearColorSRGB,00045E67
1023,FFrontFaceNormal,000D88B4
1024,FFrontFaceNormalTwoSidedLH,0002CB25
1025,FFrontFaceReverseNormal,0004E157
1026,FFrontFaceReverseNormalTwoSidedLH,000E2133
1027,FViewProj,00088C2F
1028,FUVProj,00028F5F
1029,FDithering,0001A2AD
1030,FDitheringBayer10bit,0007E772
1031,FDitheringBayer8bit,00049610
1032,VS_System,00090BC8
1033,VS_SystemDownSample16,0002898C
1034,FToneMap,000C6083
1035,FLuminance,0004EEED
1036,FLuminanceEnable,000FE847
1037,FSystemCopy,04095184
1038,FSystemCopyGamma,040FFF1E
1039,FSystemConvertHightMapToNormalMap,04076269
1040,FSystemConvertHightMapToParallaxMap,0402AF95
1041,FSystemConvertReverseHightMapToNormalMap,0406E9AB
1042,FSystemConvertReverseHightMapToParallaxMap,04041B10
1043,FSystemConvertBaseMapToNormalMap,0408554A
1044,FSystemMakeMipLevel,040E8A14
1045,FSystemCacheCopyY,0403B944
1046,FSystemCacheCopyCb,040E6C9F
1047,FSystemCacheCopyCr,04097CFB
1048,FSystemCacheDecodeCopy,04002314
1049,PS_SystemCopy,001EE329
1050,PS_SystemDepthCopy,04015DA8
1051,PS_SystemDepthDownSample,040EC68F
1052,PS_SystemDepthHMax,04075BA1
1053,PS_SystemDepthVMax,04017B0D
1054,PS_SystemMiniDepthCopy,100F93E4
1055,PS_SystemAACopy,0C0FBC8A
1056,PS_SystemToneMap,0C3E86DA
1057,PS_SystemToneMapDepth,103990F1
1058,PS_SystemClear,0002F0B3
1059,PS_SystemClearMRT2,0008FC66
1060,PS_SystemClearMRT3,000FCCF0
1061,PS_SystemClearMRT4,000B5953
1062,PS_SystemDepthToAlpha,040CB16A
1063,PS_SystemDepthToAlphaAA,040D9A99
1064,PS_SystemDownSample4,0C0F6893
1065,PS_SystemDownSample4Emphansis,0C0790F3
1066,PS_SystemDownSample4HDR,0409BCAA
1067,PS_SystemDownSample16,0C0F8C4A
1068,PS_SystemOcclusionConvertZ,0409ECD2
1069,PS_SystemPS3AACopy,040AA0A0
1070,PS_SystemPS3AADepthCopy,0404A7AB
1071,PS_SystemPS3ZcullReload,000BDCF2
1072,PS_SystemClearStencilRouting,000D812B
1073,PS_SystemFillStencilRouting,00022A87
1074,FAlphaTest,00084F11
1075,FAlphaTestAlways,000AA2B3
1076,FAlphaTestNever,000AFEBF
1077,FAlphaTestGreater,000D0C33
1078,FAlphaTestGreaterEqual,0000E273
1079,FAlphaTestLess,000093AB
1080,FAlphaTestLessEqual,00010D43
1081,FAlphaTestEqual,00044958
1082,FAlphaTestNotEqual,0006DD66
1083,FAlphaToCoverageROP,0004AF2B
1084,FAlphaToCoverage,00149CBC
1085,encodeSRGB,000D8F42
1086,FOutputEncode,000111B7
1087,FOutputEncodeNone,0001760C
1088,FOutputEncodeZero,000F8751
1089,FOutputEncodeDepth24,000BBAE2
1090,FOutputEncodeRCRGB,0002AD30
1091,FOutputEncodeRRRGB,00079DCA
1092,FOutputEncodeRGBI,00098E3E
1093,FOutputEncodeRRRGBI,000D3507
1094,FOutputEncodeNormal,000D44FE
1095,FOutputEncodeVariance,0003FE89
1096,FOutputEncodeSRGBRCRGB,0000EA25
1097,FOutputEncodeSRGBRRRGBI,000883AB
1098,FOutputEncodeSRGBRRRGB,0005DADF
1099,FOutputEncodeSRGB,000DA50D
1100,FOutputEncodeSRGBRGBI,000B9409
1101,decodeSRGB,000A7AA1
1102,FProcedural1D1E0,040C559D
1103,FProcedural1D1E1,040B650B
1104,FProcedural1D1E2,040234B1
1105,FProcedural1D1E3,04050427
1106,FProcedural1D2E0,040AEBC4
1107,FProcedural1D2E1,040DDB52
1108,FProcedural1D2E2,04048AE8
1109,FProcedural1D2E3,0403BA7E
1110,FProcedural1D3E0,040881F3
1111,FProcedural1D3E1,040FB165
1112,FProcedural1D3E2,0406E0DF
1113,FProcedural1D3E3,0401D049
1114,FProcedural1D4E0,04079776
1115,FProcedural1D4E1,0400A7E0
1116,FProcedural1D4E2,0409F65A
1117,FProcedural1D4E3,040EC6CC
1118,FProcedural2D1E0,040C2F4D
1119,FProcedural2D1E1,040B1FDB
1120,FProcedural2D1E2,04024E61
1121,FProcedural2D1E3,04057EF7
1122,FProcedural2D2E0,040A9114
1123,FProcedural2D2E1,040DA182
1124,FProcedural2D2E2,0404F038
1125,FProcedural2D2E3,0403C0AE
1126,FProcedural2D3E0,0408FB23
1127,FProcedural2D3E1,040FCBB5
1128,FProcedural2D3E2,04069A0F
1129,FProcedural2D3E3,0401AA99
1130,FProcedural2D4E0,0407EDA6
1131,FProcedural2D4E1,0400DD30
1132,FProcedural2D4E2,04098C8A
1133,FProcedural2D4E3,040EBC1C
1134,VS_ProceduralTexture,000B33DD
1135,FProcedural1E,00075DD2
1136,FProcedural2E,000A0E11
1137,FProcedural3E,00013F50
1138,FProcedural4E,0000A997
1139,PS_ProceduralTextureUnorm,0042FC3E
1140,PS_ProceduralTextureSnorm,0042099E
1141,FxaaFilter,04009D5F
1142,Fxaa3,0406B79F
1143,Fxaa3HQ,0400DE53
1144,VS_FXAA,0006A9E4
1145,PS_FXAA,00169CDE
1146,VS_FXAA3,0001E1DE
1147,PS_FXAA3,001EE859
1148,PS_FXAA3HQ,0014F6C6
1149,FSampleCount,00042C8B
1150,FSampleCount1,00073EBE
1151,FSampleCount2,000E6F04
1152,FSampleCount3,00095F92
1153,FSampleCount4,000DCA31
1154,FSampleCount5,000AFAA7
1155,FSampleCount6,0003AB1D
1156,FSampleCount7,00049B8B
1157,FSampleCount8,000B861A
1158,FSampleCount9,000CB68C
1159,FSampleCount10,000B0919
1160,FSampleCount11,000C398F
1161,FSampleCount12,00056835
1162,FSampleCount13,000258A3
1163,FSampleCount14,0006CD00
1164,FSampleCount15,0001FD96
1165,FSampleCount16,0008AC2C
1166,FSampleCount17,000F9CBA
1167,FSampleCount18,0000812B
1168,FSampleCount19,0007B1BD
1169,FSampleCount20,00065ADA
1170,FSampleCount21,00016A4C
1171,FSampleCount22,00083BF6
1172,FSampleCount23,000F0B60
1173,FSampleCount24,000B9EC3
1174,FSampleCount25,000CAE55
1175,FSampleCount26,0005FFEF
1176,FSampleCount27,0002CF79
1177,FSampleCount28,000DD2E8
1178,FSampleCount29,000AE27E
1179,FSampleCount30,000D6B9B
1180,FSampleCount31,000A5B0D
1181,FSampleCount32,00030AB7
1182,FFilterTexcoord,0001D2CB
1183,FFilterScreenTexcoord,00080ADC
1184,FFilterCopy,04057A8D
1185,FFilterCopyColor,040FD3A4
1186,VS_Filter,0010455E
1187,PS_Filter,041A3CD4
1188,PS_FilterDepth,0416C953
1189,FFilterComposite,0809D9F6
1190,VS_EdgeDetection,000DBA81
1191,VS_BlendingWeightCalculation,0006A34B
1192,VS_NeighborhoodBlending,0000505D
1193,PS_EdgeDetection,040CD365
1194,smaaSearchXLeft,080C2F17
1195,smaaSearchXRight,08025DFC
1196,smaaSearchYUp,080CC5F3
1197,smaaSearchYDown,080471F4
1198,smaaArea,040B5488
1199,smaaDetectHorizontalCornerPattern,04027FF8
1200,smaaDetectVerticalCornerPattern,0404978C
1201,PS_BlendingWeightCalculation,047AAD05
1202,PS_NeighborhoodBlending,080A2227
1203,VS_Develop2D,001CE301
1204,VS_Develop3D,0017D240
1205,getDevelopTexEdgeFont,040BEE36
1206,getDevelopTexCubeFace,040092CD
1207,getDevelopTexCubeRefrect,040EB150
1208,FDevelopTexture,04068CD5
1209,FDevelopTexCubeFace,001E1BB5
1210,FDevelopTexCubeRefrect,001CB6C5
1211,FDevelopTexEdgeFont,0015674E
1212,getDevelopTexture,0434151B
1213,FDevelopDecode,000DC291
1214,FDevelopDecode_R,0006DE99
1215,FDevelopDecode_G,000B3A72
1216,FDevelopDecode_B,0001CEFD
1217,FDevelopDecode_A,00089F47
1218,FDevelopDecode_RGB,00029288
1219,FDevelopDecode_RGBI,0005F0B4
1220,FDevelopDecode_RGBY,0002E0D0
1221,FDevelopDecode_RGBN,00016517
1222,FDevelopDecode_Font,0009009B
1223,PS_Develop,001264D5
1224,PS_DevelopSimple,040BB354
1225,PS_DevelopEdgeFont,0019D005
1226,FCollisionSimpleVS,00074EE9
1227,FCollisionSimplePS,000DE96F
1228,FWindTriangleCurve,0002E955
1229,FWindSinCosCurve,0006FC06
1230,FWindDirection,00110345
1231,FWindPoint,001C2688
1232,FWindLine,001D1946
1233,FLocalWindLoopDirection,001BF216
1234,FLocalWindLoopPoint,001F2310
1235,FLocalWindLoopLine,001DB440
1236,FLocalWindLoopSlot0,000BF5CE
1237,FLocalWindLoopSlot1,000CC558
1238,FLocalWindLoopSlot2,000594E2
1239,FLocalWindReference,0033A4FA
1240,FLocalWind,0035967D
1241,FLocalWindDisable,000A4F8B
1242,FDynamicLocalWind0,000879E6
1243,FDynamicLocalWind1,000F4970
1244,FDynamicLocalWind2,000618CA
1245,FDynamicLocalWind3,0001285C
1246,FDynamicLocalWind4,0005BDFF
1247,FDynamicLocalWind5,00028D69
1248,FDynamicLocalWind6,000BDCD3
1249,FDynamicLocalWind7,000CEC45
1250,FLocalWindDirection,001A3C5A
1251,FLocalWindPoint,0012EF38
1252,FLocalWindLine,0019840B
1253,FLocalWindUnroll,008C9DF1
1254,initMaterialContext,000D2AC6
1255,FBlendFog,000B37AD
1256,FBlendFogDiffuse,000C6C1E
1257,FBlendFogModulate,0004EA8B
1258,FHeightFog,0004A0DC
1259,FHeightFogVTF,000D683E
1260,FHeightFogWorldY,00080526
1261,FHeightFogDistance,000E05F3
1262,FHeightFogVolume,0408A91E
1263,FHeightFogModelSimple,080AB951
1264,FHeightFogModelSimpleVTF,0409D797
1265,FHeightFogModel,0C01B226
1266,FHeightFogModelVTF,08001A40
1267,FDistanceFog,00025F1B
1268,FDistanceFogLinear,000F94A9
1269,FDistanceFogExp,000F7362
1270,FDistanceFogExp2,000F6E87
1271,FDistanceFogReverseExp,000B85E7
1272,FDistanceFogReverseExp2,000B3DDE
1273,FDistanceFogTable,0404CDD9
1274,FDistanceFogTableVTF,040A2C0F
1275,FFog,000055E3
1276,FFogDistance,00216C02
1277,FFogDistanceEst,0026B37D
1278,FFogDistanceColorTable,04219E3D
1279,FFogDistanceColorTableEst,04231154
1280,FFogDistanceTable,0412E423
1281,FFogDistanceTableEst,04172E31
1282,FFogVTF,00038862
1283,FFogVTFNone,000A46E7
1284,FFogVTFDistance,0025095A
1285,FFogVTFDistanceEst,002E9772
1286,FFogVTFDistanceColorTable,0422C23D
1287,FFogVTFDistanceColorTableEst,0422F1C5
1288,FFogVTFDistanceTable,04196175
1289,FFogVTFDistanceTableEst,041F5A4A
1290,FFilterColorFogBlend,001AFD8E
1291,FFilterColorFogComposite,04140614
1292,FFilterFogTable,000F8422
1293,FJointMatrix,0404A102
1294,FJointMatrixPF,040364A9
1295,FJointMatrixFromCBuf,0006ADE2
1296,FJointMatrixPFFromCBuf,000FE371
1297,FJointMatrixExFromCBuf,000BB29D
1298,FSkinning,00082815
1299,FSkinningNone,00051522
1300,FSkinning1Weight,001740B9
1301,FSkinning2Weight,001F5A24
1302,FSkinning4Weight,001F6F1E
1303,FSkinning4WeightBranch,001A356E
1304,FSkinning8Weight,001F056A
1305,FSkinning8WeightBranch,00108C95
1306,FSkinningPF,0004ACD7
1307,FSkinningPFNone,000125A6
1308,FSkinningPF1Weight,0018822B
1309,FSkinningPF2Weight,001098B6
1310,FSkinningPF4Weight,0010AD8C
1311,FSkinningPF4WeightBranch,0016BBA7
1312,FSkinningPF8Weight,0010C7F8
1313,FSkinningPF8WeightBranch,001C025C
1314,getSHdiffuse,000B0E6B
1315,FSHDiffuse,00067416
1316,FSHDiffuseDisable,000D9EBD
1317,FDistanceAttenuation,000B3D2A
1318,FDistanceAttenuationSquareLaw,00082106
1319,getAngularAttenuation,000CF404
1320,calcLightMask,0004D5C4
1321,FIsOutOfRange,000C60C2
1322,FDeferredLightingGetClearColorLightBuffer,000ED5E1
1323,FDeferredLightingGetClearColorLightBufferLog,000EB3C5
1324,FDeferredLightingEncodeOutput,00022898
1325,FDeferredLightingDecodeInput,000E1969
1326,FDeferredLightingDecodeInputExponent,00080EB6
1327,FDeferredLightingDecodeInputLog,000B20A4
1328,FDeferredLightingEncodeNormal,000954E2
1329,FDeferredLightingDecodeNormal,000D9FC9
1330,FDeferredLightingDecodeNormalSpheremapLUT,040DE099
1331,FDeferredLightingEncodeLinearDepth,00069828
1332,FDeferredLightingDecodeLinearDepth,000B78D6
1333,setupLight,000E8430
1334,setupLightBalance,0001DD48
1335,setupLightSpecular,00055EAF
1336,setupLightDiffuse,000414C7
1337,FDynamicLight0,000E251B
1338,FDynamicLight1,0009158D
1339,FDynamicLight2,00004437
1340,FDynamicLight3,000774A1
1341,FDynamicLight4,0003E102
1342,FDynamicLight5,0004D194
1343,FDynamicLight6,000D802E
1344,FDynamicLight7,000AB0B8
1345,FDynamicLightDL0,000F394A
1346,FDynamicLightDL1,000809DC
1347,FDynamicLightDL2,00015866
1348,FDynamicLightDL3,000668F0
1349,FDynamicLightDL4,0002FD53
1350,FDynamicLightDL5,0005CDC5
1351,FDynamicLightDL6,000C9C7F
1352,FDynamicLightDL7,000BACE9
1353,FInfiniteLight,00056272
1354,FInfiniteLightB,000705CE
1355,FInfiniteLightS,0007253C
1356,FInfiniteLightD,0004A0FB
1357,FPointLight,001C1293
1358,FPointLightB,001CCE50
1359,FPointLightD,001F6B65
1360,FPointLightS,001CEEA2
1361,FPointLightR,001BDE34
1362,FPointLightBR,001FCDE2
1363,FPointLightDR,00156A64
1364,FPointLightSR,0016EEF2
1365,FSpotLight,001AFB78
1366,FSpotLightB,00153349
1367,FSpotLightD,0016967C
1368,FSpotLightS,001513BB
1369,FSpotLightR,0012232D
1370,FSpotLightBR,00132CDF
1371,FSpotLightDR,00198B59
1372,FSpotLightSR,001A0FCF
1373,FCapsuleLight,00150219
1374,FCuboidLight,0002C113
1375,FCuboidLightB,000233A3
1376,FCuboidLightD,00019696
1377,FCuboidLightS,00021351
1378,FBRDF,0001A1C7
1379,FBRDFHalfLambert,0007A331
1380,FLighting,40923990
1381,FLightingVS,00971BAC
1382,FDeferredLightingSamplingLight,0805CC90
1383,FDeferredLightingSamplingLightDiscontinuityFiltering,0C242FB0
1384,FDeferredLightingSamplingLightDiscontinuityFilteringLayer1,0C27E5B0
1385,FDeferredLightingSamplingLightComformanceFiltering,0C2C337D
1386,FLightingDeferredLighting,00B1E568
1387,FLightingDeferredLightingApproximateSpecular,00BD919B
1388,FLightingDeferredLightingSeparateSpecular,00B4BB9D
1389,FTransparency,000171DD
1390,FTransparencyAlpha,0008E54A
1391,FUVTransparencyMap,00066F6C
1392,FChannelTransparencyMap,000C0572
1393,FTransparencyMap,0429090A
1394,FTransparencyDodgeMap,042AD6B9
1395,FTransparencyVolume,0405DA47
1396,FTransparencyAlphaClip,000E03DE
1397,FTransparencyMapAlphaClip,0426159A
1398,FUVAlbedoMap,000CCEED
1399,FUVAlbedoBlendMap,00024F65
1400,FAlbedo,0001C76E
1401,FAlbedoMap,041A826A
1402,FAlbedoMapBlend,082B30BA
1403,FAlbedoMapBlendAlpha,082B1BA8
1404,FAlbedoMapBlendTransparencyMap,0C4AD982
1405,FAlbedoMapModulate,0829AB11
1406,FAlbedoMapAdd,082F8146
1407,FAlbedoMapBlendColorOnly,08276CF5
1408,FUVOcclusionMap,000D5585
1409,FChannelOcclusionMap,00082634
1410,FOcclusion,0007B9EC
1411,FOcclusionMap,0424BC45
1412,FOcclusionAmbient,0000BEC9
1413,FOcclusionAmbientMap,0423F932
1414,FUVNormalMap,000238E2
1415,FUVNormalBlendMap,00036C65
1416,FUVDetailNormalMap,00005CB5
1417,FUVDetailNormalMap2,000576DF
1418,FBump,000FFBD0
1419,FBumpNormalMap,041B22D7
1420,FBumpNormalMapBlendTransparencyMap,0C4B2612
1421,FBumpDetailNormalMap,082610A5
1422,FChannelDetailMap,0006722C
1423,FBumpDetailMaskNormalMap,0C3299B7
1424,FBumpDetailNormalMap2,0C30E0F7
1425,FBumpHair,041F46B0
1426,FBumpParallax,081EF377
1427,FBumpParallaxOcclusion,081E1C7F
1428,FLightMask,000EA1AC
1429,FLightMaskSolid0,040F4580
1430,FLightMaskSolid1,04087516
1431,FLightMaskSolid01,040D7C5F
1432,FLightMaskTransparent0,040BD6A5
1433,FLightMaskTransparent1,040CE633
1434,FLightMaskTransparent01,0402BC8B
1435,FLightMaskEnable,040795F9
1436,FAmbient,000FEFD6
1437,FAmbientSH,00063EAA
1438,FUVLightMap,00033737
1439,FUVThinMap,000AFEC0
1440,FChannelThinMap,0009B0DD
1441,FDiffuse,001FDB6F
1442,FDiffuseConstant,000FE58E
1443,FDiffuseConstantSRGB,000D6888
1444,FDiffuseConstantSRGBVertexColor,000A8610
1445,FDiffuseSH,0015325E
1446,FDiffuseThinSH,043623C7
1447,FDiffuseThin,0430D947
1448,FDiffuseLightMap,04225211
1449,FDiffuseLightMapOcclusion,04273D0F
1450,FDiffuseVertexColor,0012D662
1451,FDiffuseVertexColorOcclusion,001F90FB
1452,FDiffuseVertexColorSH,001A3273
1453,FUVPrimary,00091272
1454,FUVSecondary,000C4EF1
1455,FUVUnique,00014211
1456,FUVExtend,000A5D4A
1457,FUVViewNormal,0005808B
1458,FUVScreen,000F7556
1459,FUVIndirectMap,000C6994
1460,FUVIndirectSource,0009C151
1461,FUVIndirect,042EB2DC
1462,FUVIndirectMask,082EC027
1463,FChannelR,0007DE0B
1464,FChannelG,000A3AE0
1465,FChannelB,0000CE6F
1466,FChannelA,00099FD5
1467,FChannelBlend,000A67D5
1468,FUVFresnelMap,0007DE48
1469,FChannelFresnelMap,00054E7C
1470,FFresnel,0001A481
1471,FFresnelSchlick,0008C6DB
1472,FFresnelSchlickRGB,00052136
1473,FFresnelSchlickMap,042617DF
1474,FReflect,000AC357
1475,FReflectCubeMap,0408F001
1476,FReflectSphereMap,040552B7
1477,FReflectGlobalCubeMap,0400D5BC
1478,FUVSpecularMap,000A2FF1
1479,FUVSpecularBlendMap,0009B184
1480,FChannelSpecularMap,000DD9D4
1481,FSpecular,00250EBA
1482,FSpecularMap,04424580
1483,FSpecularMapBlendTransparencyMap,0C78FD41
1484,FSpecularDisable,000773F9
1485,FUVShininessMap,00062623
1486,FChannelShininessMap,00035592
1487,FShininess,0009D7BB
1488,FShininessMap,042FCFE3
1489,FUVEmissionMap,00041BD1
1490,FChannelEmissionMap,0003EDF4
1491,FEmission,00087017
1492,FEmissionConstant,000E360B
1493,FEmissionMap,042C71A0
1494,FUVTransformOffset,0005DC9B
1495,FUVTransformOffset2,000D0E90
1496,FUVTransformOffset3,000A3E06
1497,FUVTransformPrimary,00078205
1498,FUVTransformSecondary,000D779A
1499,FUVTransformUnique,000D403C
1500,FUVTransformExtend,00065F67
1501,FDistortion,00089DA2
1502,FDistortionRefract,0409F352
1503,FDistortionRefractMask,080180FA
1504,FUVDisolveMap,000D1F1C
1505,FDissolvePatternDither,000CD11C
1506,FDissolvePatternTexture,04118FAA
1507,FDissolve,00062F3B
1508,FDissolveDither,000335C2
1509,FDissolveTexture,001F7F9D
1510,FDepthTest,0004B1E4
1511,FDepthTestLT,040E3822
1512,FDepthTestGT,040AE1E9
1513,FColorModifier,0002E0F0
1514,FFinalCombiner,006E92AA
1515,FFinalCombinerNoFog,004B0DB2
1516,FDefaultTransparency,0004073B
1517,FUseGlobalTransparency,00063EAC
1518,createMaterialContext,002CC033
1519,createMaterialContextEx,002F55C2
1520,createMaterialContextExEst,0020F4FD
1521,FQuaternionAxis,0003AA5E
1522,FQuaternionMultiplay,000CC405
1523,FQuaternionRotationArc,0006862F
1524,FQuaternionInverse,0003509B
1525,FPositionRotateQuaternion,000D0071
1526,FRotationNormalFromQuaternion,000F062F
1527,FQuaternionToMatrix,0002D495
1528,FMatrixToQuaternion,0009E3DC
1529,FSwingAdjustPosition,00015D0F
1530,FSwingAdjustPositionDisable,00017927
1531,FSwingAdjustNormalTangentDisable,00048AD8
1532,FSwingAdjustNormalTangent,00073E6A
1533,FSwingDisable,00064F1A
1534,FSwingUpdate,000668B4
1535,FSwingUpdateYAxis,0000E35E
1536,FSwingUpdateAll,0008BD12
1537,FSwingUpdateBillboard,000C26FD
1538,FSwingOriginDefault,000AE6A5
1539,FSwingOriginFromWorld,000517E5
1540,FSwingDefaultViewI,000078AE
1541,FSwingViewI,0007200E
1542,FSwingJointSupportDisable,00001EE3
1543,FSwingJointSupport,00099EDB
1544,FSwingBillboardDisable,00290C42
1545,FSwingBillboardTransform,001FF0DA
1546,FSwingBillboardTransformFixedY,000C18E4
1547,FSwingBillboard,00369658
1548,FSwingBillboardRotation,00332AE3
1549,FSwing1Weight,0045BB9B
1550,FSwing2Weight,005DA106
1551,FInstancingStreamSourceMatrix,0004F7E0
1552,FInstancingConstantMatrix,000D5C02
1553,FInstancingMultiply,000E44B4
1554,FInstancingMultiplyEnable,0014F148
1555,FInstancing,000486EB
1556,FInstancingEnable,00124010
1557,LdNormalPackF32,00068925
1558,LdNormalUnpackF32,00019126
1559,LdIdxToTexCoord,0003DF40
1560,FLdTextureSampler3wPrev,0805037F
1561,FLdTextureSampler3wPrevXBOX,10020DE1
1562,FLdDeformerWithPrev,0012BA17
1563,FLdTextureSampler3,04035E57
1564,FLdTextureSampler3XBOX,080EDA72
1565,FLdDeformer,0012B621
1566,FLdLatticeDeformer,0405EF90
1567,FLdTetraDeformer,040742CB
1568,FLdTestDeformer,001A6ED0
1569,FWorldMatrix,00186FD1
1570,FMorph,0009E022
1571,FMorphPosition,000C2C0F
1572,FWorldCoordinate,003C270E
1573,FWorldCoordinateSwing,0046DDDF
1574,FWorldCoordinateTransformed,0012A5B6
1575,FWorldCoordinateLatticeDeform,003B0952
1576,FWorldCoordinateLatticeDeformEdge,002610D0
1577,FWorldCoordinateSymmetry,002E46F2
1578,FWorldCoordinateFromTexture,0C2123F7
1579,FWorldCoordinateFromTextureCalcTangnet,082AC7C9
1580,FShaderAttributes,000FF227
1581,FShaderAttributesVTF,0400C000
1582,VS_MaterialNull,00238B30
1583,PS_MaterialNull,00095FC2
1584,VS_MaterialDummy,00252968
1585,PS_MaterialDummy,0404408C
1586,VS_Dummy,0006B9F9
1587,PS_Dummy,0009B07E
1588,VS_MaterialDummyEdge,00004080
1589,PS_DummyPicker0,0008ED37
1590,PS_DummyPicker1,000FDDA1
1591,PS_DummyPicker2,00068C1B
1592,PS_DummyPicker3,0001BC8D
1593,PS_DummyDynamicPicker,000BA4F7
1594,hsv2rgb,00093903
1595,vdUnpackU8U8N,00066E25
1596,FVDMaskUVTransformOffset,0005746F
1597,FVDMaskUVTransform,00092200
1598,FVDUVTransformOffset,0002022A
1599,FVDUVTransform,000CCE95
1600,FVDUVPrimary,00066921
1601,FVDUVSecondary,000D3B2D
1602,FVDUVUnique,000EEA76
1603,FVDUVExtend,0005F52D
1604,FUVVertexDisplacement,00034230
1605,FVDGetMask,04103486
1606,FVDGetMaskFromTexture,041E1293
1607,FVDGetMaskFromAO,00039E22
1608,FVDGetMaskDisable,000B3E3F
1609,FVertexDisplacement,0005E6C5
1610,FVertexDisplacementCurveU,042D3336
1611,FVertexDisplacementCurveV,0424628C
1612,FVertexDisplacementCurveUV,04269C6B
1613,FVertexDisplacementDirU,0429AB04
1614,FVertexDisplacementDirV,0420FABE
1615,FVertexDisplacementDirUV,04217973
1616,FVertexDisplacementMap,043BC178
1617,FVertexDisplacementMapDir,043E6016
1618,fVtxDispGenWave,0402E6F4
1619,FVertexDisplacementWave,0033F765
1620,FVertexDisplacementWaveRandom,003E1EE1
1621,FVertexDisplacementWavePlus,0006076F
1622,FVertexDisplacementDirExplosion,001B8722
1623,FVertexDisplacementDirExplosionPlus,000EA988
1624,FDebugViewVertex,000A928E
1625,FDebugViewVertexBonemap,0000BAE7
1626,FDebugViewVertexBoneweight,000B54AA
1627,FDebugViewVertexBonenum,000EBF32
1628,FDebugViewVertexPrelight,00182812
1629,VS_MaterialDebug,00349CF0
1630,FDebugViewPixel,00077073
1631,FDebugViewPixelDefault,000CD45C
1632,FDebugViewPixelBasemap,00096449
1633,FDebugViewPixelBasemapAlpha,00169B78
1634,FDebugViewPixelTangentNormalmap,04105DA1
1635,FDebugViewPixelWorldNormalmap,001E5821
1636,FDebugViewPixelNormal,000E4CA7
1637,FDebugViewPixelTangent,0008DF6B
1638,FDebugViewPixelBinormal,000BC71D
1639,FDebugViewPixelMaskmap,041E6393
1640,FDebugViewPixelPrelight,041AC53B
1641,FDebugViewPixelOcclusion,04173D77
1642,PS_MaterialDebug,1095F514
1643,FFilterVelocity,0004706F
1644,FFilterMotionBlurSource,04040D19
1645,FFilterMotionBlur8,08013134
1646,FFilterMotionBlur8Median,0802B3A3
1647,FFilterMotionBlur4,08077D1F
1648,FFilterMotionBlur4Median,0802D9D7
1649,FFilterMotionBlurVelocityBlend,08029A5C
1650,FFilterMotionBlurReductionBlend,04099B4F
1651,deconstructVelocity,000F9432
1652,CS_TileMax,040004C3
1653,FFilterMotionBlurTileMax,04058C6B
1654,FFilterMotionBlurNeighborMax,0402302A
1655,depthCompare,000D166D
1656,spreadCompare,000ED9DC
1657,sampleWeight,0007481B
1658,FFilterMotionBlurReconstruct,10072F1B
1659,FMaterialVelocityWPosNml,00239C61
1660,FMaterialVelocityWPosNmlSoftBody,001ADDBD
1661,FMaterialVlocityInflate,000F195D
1662,FMaterialVlocityInflateEnable,0004AFEF
1663,VS_MaterialVelocity,00146AE2
1664,VS_MaterialVelocity2,002E76BE
1665,VS_MaterialVelocityEdge,000E0009
1666,PS_MaterialVelocity,000861F1
1667,TMaterialVelocityEdge_NoStretch_VS_MaterialVelocityEdge,000B5D17
1668,TMaterialVelocityEdge_Stretch_VS_MaterialVelocityEdge,000DD438
1669,FOutlineBlend,000ECD99
1670,FOutlineBlendHDREncode,00084A8D
1671,FOutlineBlendAdd,040519F7
1672,FOutlineBlendAlpha,040CA01D
1673,FOutlineBlendModulate,04041F50
1674,FOutlineFade,000EADFB
1675,maskOutlineChannel,0007CEA0
1676,maskOutlineGeometry,0002C8BD
1677,FOutlineFadeDepth,0009BAF6
1678,FOutlineDetector,000FC6D4
1679,FOutlineDetector0,000F59A7
1680,FOutlineDetector1,00086931
1681,FOutlineDetector2,0001388B
1682,FOutlineDetector3,0006081D
1683,FOutlineDetectorID,0009BE24
1684,FOutlineDetectorDepth,0000B5BF
1685,FOutlineDetectorDepthWrap,000D929F
1686,FOutlineComposite,0002C964
1687,FOutlineCompositeModulate,000F5653
1688,FOutlineCompositeBlend,000A0A70
1689,FOutlineCompositeAdd,000A4090
1690,FOutlineCompositeMultiModulate,000E022D
1691,FOutlineCompositeMultiBlend,00025A88
1692,FOutlineCompositeMultiAdd,0004AA1B
1693,FOutlineSample,040179E8
1694,FOutlineSample4,040ADF86
1695,FOutlineSample12,0404790F
1696,FFilterOutlineThick,040052C9
1697,FFilterOutlineThick1V,0408186C
1698,FFilterOutlineThick1H,0407250F
1699,FFilterOutlineThick2V,04054BAF
1700,FFilterOutlineThick2H,040A76CC
1701,FFilterOutlineBlur,04022F25
1702,FFilterOutlineBlur1H,0408A01C
1703,FFilterOutlineBlur1V,04079D7F
1704,FFilterOutlineBlur2H,0405F3DF
1705,FFilterOutlineBlur2V,040ACEBC
1706,FFilterOutlineSample,002161E1
1707,FFilterOutlineComposite,042CA88C
1708,FFilterOutlineCompositeBloomF,0828386F
1709,FFilterOutlineCompositeEmit,082E8242
1710,FFilterOutlineSampleComposite,00459EA0
1711,FFilterOutlineDetector,04416B0B
1712,FFilterOutlineDirect,041D026C
1713,VS_MaterialOutline,003D92A4
1714,PS_MaterialOutline,00012E21
1715,PS_MaterialOutline2,001260F0
1716,FShadowReceiveFaceAttn,000360E1
1717,FShadowReceiveFaceAttnIncrease,000FF2CE
1718,FShadowReceiveFaceAttnDecrease,000DB3E5
1719,FShadowReceiveFaceAttnCut,0004CA2C
1720,FShadowReceiveAttn,0008187A
1721,FShadowReceiveAttnFade,00094B58
1722,FShadowReceiveAttnViewDistance,00008F6C
1723,FShadowReceiveAttnDistance,000C6BF7
1724,FShadowReceiveAttnDistanceFade,0001990D
1725,FShadowReceiveAttnSpot,000EDC8B
1726,FShadowReceiveAttnSpotFade,00080E45
1727,FShadowIsOutOfRange,0004D27D
1728,FShadowIsOutOfRangeEnable,000D2179
1729,sampleDepth,140E9EC4
1730,sampleDepthComp,140A9231
1731,sampleVariance,1404D364
1732,sampleLevelVariance,140DEC9D
1733,FShadowFilter,00151056
1734,calcPCF2x2,000BE09E
1735,FShadowFilterPCF2x2,001858EC
1736,FShadowFilterPCF2x2Comp,00101F8A
1737,calcPCF3x3,000EBA3F
1738,FShadowFilterPCF3x3,001D024D
1739,FShadowFilterPCF3x3Comp,00173D8E
1740,calcPCF4x4,00053919
1741,FShadowFilterPCF4x4,0016816B
1742,FShadowFilterPCF4x4Comp,0010DF10
1743,calcPmax,0006F61A
1744,FShadowFilterVSM,0014C59A
1745,FShadowFilterVLSM,00127820
1746,filterCascadeVSSM,001A8287
1747,filterCascadeVLSM,001066CA
1748,getCubeTextureCordinate,0C04BDAB
1749,FShadowFilterPoint,000F45C2
1750,FShadowFilterPointPCF2x2,002A7410
1751,FShadowFilterPointPCF3x3,002F2EB1
1752,FShadowFilterPointPCF4x4,0024AD97
1753,FShadowFilterPointVSM,002CC411
1754,FShadowLightFace,000765C6
1755,FShadowLightFacePoint,0002DA0E
1756,VS_ShadowReceive,0082499E
1757,FShadowReceive,001A97EB
1758,FShadowReceiveRT,001ADA61
1759,FShadowReceiveCascadeSSM,0014B2D4
1760,FShadowReceiveCascadeSSMRT,0010B1B4
1761,FShadowReceiveCascadeSSMLite,0011B35C
1762,FShadowReceiveCascadeSSMRTLite,0015398C
1763,FShadowReceiveSmoothCascadeSSM,00125EDB
1764,FShadowReceiveSmoothCascadeSSMRT,0014539E
1765,FShadowReceiveSmoothCascadeSSMLite,001ED204
1766,FShadowReceiveSmoothCascadeSSMRTLite,00129E71
1767,FShadowReceiveLSM,00161E84
1768,FShadowReceiveLSMRT,001BA101
1769,FShadowReceiveCascadeLSM,001E5699
1770,FShadowReceiveCascadeLSMRT,0010B1E7
1771,FShadowReceiveSmoothCascadeLSM,0018BA96
1772,FShadowReceiveSmoothCascadeLSMRT,001453CD
1773,FShadowReceiveCascadeVSSM,0015D0BF
1774,FShadowReceiveCascadeVSSMRT,0015A01D
1775,FShadowReceiveCascadeVLSM,001F34F2
1776,FShadowReceiveCascadeVLSMRT,0015A04E
1777,FShadowReceiveSpotVSM,001313B9
1778,FShadowReceiveSpotVSMRT,0012F257
1779,FShadowReceivePoint,001F2B90
1780,PS_ShadowReceive,0063207A
1781,PS_ShadowReceiveTransparent,00A5E765
1782,getMaterialShadowRT,00567A11
1783,FLightMaskRTSolid0,0016E49A
1784,FLightMaskRTSolid1,0011D40C
1785,FLightMaskRTTransparent0,042B9FE2
1786,FLightMaskRTTransparent1,042CAF74
1787,VS_ShadowReceiveDeferredRectangle,0005A65A
1788,PS_ShadowReceiveDeferredRectangle,041AC470
1789,FParaboloidProjection,00012FC4
1790,VS_DualParaboloid,0009B0C8
1791,PS_DualParaboloid,080D07C0
1792,FDeferredLightingEncodeParameter,001240B2
1793,FDeferredLightingEncodeParameterHalfLambert,001A2C95
1794,FDeferredLightingEncodeParameterOverlap,001BECE2
1795,FDeferredLightingEncodeParameterMRT,00107292
1796,FDeferredLightingEncodeParameterMRTHalfLambert,0014DDF4
1797,FDeferredLightingDecodeParameter,0011A0B7
1798,FDeferredLightingDecodeParameterHalfLambert,0011AFE6
1799,FDeferredLightingGetLightParam,00069157
1800,FDeferredLightingGetLightParamFadeOut,000407F9
1801,FBRDFDeferredLighting,000FAFDE
1802,FDynamicLightingDeferredLighting,08357BEA
1803,FDeferredLightingLightVolumeLightMask,0005BCBA
1804,FDeferredLightingLightVolumeLightMaskSolid0,04023F6B
1805,FDeferredLightingLightVolumeLightMaskSolid1,04050FFD
1806,FDeferredLightingLightVolumeLightMaskSolid01,040BFAD5
1807,FDeferredLightingLightVolumeLightMaskTransparentFullSize,040F3C5B
1808,FDeferredLightingLightVolumeLightMaskTransparentQuarterSize,04020E44
1809,FDeferredLightingLightVolumeLightMaskTransparent0,001D1697
1810,FDeferredLightingLightVolumeLightMaskTransparent1,001A2601
1811,FDeferredLightingLightVolumeLightMaskTransparent01,001B7BCB
1812,FDeferredLightingLightVolumeLightMaskRTSolid0,001C2822
1813,FDeferredLightingLightVolumeLightMaskRTSolid1,001B18B4
1814,FDeferredLightingCompareEqualLightGroup,040CB3F3
1815,FDeferredLightingCompareEqualLightGroupDisable,000CE9A3
1816,FReconstructViewDepthFromDepth,040CEFDC
1817,FReconstructViewDepthFromLinearDepth,040FF182
1818,FReconstructWorldPosition,0011522E
1819,FReconstructWorldPositionDualPalaboloid,04042482
1820,FDepthBoundsTest,000F8D45
1821,FDepthBoundsTestEnable,001C7569
1822,FBumpMapFromGBuffer,04169AC6
1823,FDeferredLightingGetLightingParameter,041D2AFD
1824,FDeferredLightingGetLightingResult,0030AF71
1825,VS_DeferredLighting_LightVolume,0011A2C5
1826,VS_DeferredLighting_LightVolumeRectangle,000274AE
1827,PS_DeferredLighting_LightVolume_NoLighting,0001E162
1828,PS_DeferredLighting_LightVolume_NoLighting_MRT,000255BA
1829,PS_DeferredLighting_LightVolume_NoLighting_LightGroup,0030D38C
1830,PS_DeferredLighting_LightVolume_NoLighting_LightGroup_MRT,003D2DDC
1831,PS_DeferredLighting_LightVolume,0051D023
1832,PS_DeferredLighting_LightVolume_MRT,00525A69
1833,FDeferredLightingEncodeOutputLog,000F4237
1834,FAmbientMask,000188A8
1835,FAmbientMaskEnable,04051533
1836,FEncodeRSMParameter,00004D7B
1837,FDecodeRSMParameter,0808EF80
1838,FRSMComputeIndirectLighting,00172E97
1839,FRSMGatherIndirectLighting,001FBF4E
1840,FRSMGatherIndirectLightingLargeSize,0019783C
1841,FRSMGatherIndirectLightingHighQuality,001F378A
1842,FRSMGatherIndirectLightingVariable,00148C44
1843,FRSMGetIndirectLighting,0011991B
1844,PS_DeferredLighting_IndirectLighting,041123EE
1845,PS_DeferredLighting_GBufferReduction,08108EB5
1846,PS_DeferredLighting_BilateralBlurH_Size8,0803F38A
1847,PS_DeferredLighting_BilateralBlurH_Size12,080C7304
1848,PS_DeferredLighting_BilateralBlurH_Size16,0801B71D
1849,PS_DeferredLighting_BilateralBlurV_Size8,08021419
1850,PS_DeferredLighting_BilateralBlurV_Size12,080D501D
1851,PS_DeferredLighting_BilateralBlurV_Size16,08009404
1852,PS_DeferredLighting_BilateralUpsampling,1027FA35
1853,PS_DeferredLighting_BilinearUpsampling,041257DF
1854,VS_MaterialStd,00979FFD
1855,PS_MaterialStd,00E5D44B
1856,PS_DeferredLighting_GBufferPass,0079BA69
1857,PS_DeferredLighting_GBufferPassMRT,00735898
1858,PS_ReflectiveShadowMap,006C809D
1859,VS_Adhesion,0023F1FD
1860,doAdhesionEachLighting,00035F81
1861,doAdhesionDynamicLighting,00055CFA
1862,FAdhesionAlbedo,0409FE33
1863,FAdhesionAlbedoSubtract,04047799
1864,PS_Adhesion,04163BBE
1865,VS_AdhesionPV,003B560C
1866,PS_AdhesionPV,000E89D1
1867,FSSSIrradiance,0004C713
1868,FSSSFillMarginH,04069EB7
1869,FSSSFillMarginV,0409A3D4
1870,FSSSGaussianFilterH,080629EC
1871,FSSSGaussianFilterV,0809148F
1872,PS_MaterialSSS,18ADC321
1873,PS_MaterialSSSIrradiance,0077CAC4
1874,PS_MaterialSSSDistortion,00185FD3
1875,VS_MaterialStdEst,008672AD
1876,PS_MaterialStdEst,00E2C5A5
1877,PS_DeferredLighting_GBufferPassEst,00713C0B
1878,PS_DeferredLighting_GBufferPassMRTEst,00798F25
1879,PS_ReflectiveShadowMapEst,00623F86
1880,VS_ModelFog,002E8E83
1881,PS_ModelFog,000B44C0
1882,VS_MaterialConstant,00766993
1883,PS_MaterialConstant,041A6280
1884,getAdaptiveFactor,0003BF5F
1885,HS_PNTrianglesConstant,00032645
1886,HS_MaterialPN,001E956D
1887,DS_MaterialPN,00142C96
1888,HS_PHTrianglesConstant,000F9AC0
1889,HS_MaterialPH,001D3058
1890,DS_MaterialPH,001789A3
1891,HS_DMTrianglesConstant,000FCDCF
1892,HS_MaterialDM,00191382
1893,DS_MaterialDM,0413AA79
1894,VS_MaterialStdCafeTes,009BCD50
1895,FShadowBias,0004D0B2
1896,FShadowDepthBias,000ED98E
1897,FShadowBiasDisable,000A9708
1898,VS_ShadowCast,00896E6F
1899,FShadowCast,000B031F
1900,FShadowCastDepth,000E42A5
1901,FShadowCastDistance,000BE2B0
1902,PS_ShadowCast,001CB1B2
1903,PS_ShadowCastTransparent,005EB4A9
1904,PS_ShadowCastZOffset,04395250
1905,PS_ShadowCastTransparentZOffset,043BEED1
1906,FShadowIsOutOfRange0,000EF9FF
1907,FShadowIsOutOfRange1,0009C969
1908,FShadowIsOutOfRange2,000098D3
1909,FShadowIsOutOfRange3,0007A845
1910,FShadowLightFace0,000A904C
1911,FShadowLightFace1,000DA0DA
1912,FShadowLightFace2,0004F160
1913,FShadowLightFace3,0003C1F6
1914,FShadowReceiveFaceAttn0,000DA122
1915,FShadowReceiveFaceAttn1,000A91B4
1916,FShadowReceiveFaceAttn2,0003C00E
1917,FShadowReceiveFaceAttn3,0004F098
1918,FShadowReceiveAttn0,0008F096
1919,FShadowReceiveAttn1,000FC000
1920,FShadowReceiveAttn2,000691BA
1921,FShadowReceiveAttn3,0001A12C
1922,FShadowReceiveRT0,000B0BB8
1923,FShadowReceiveRT1,000C3B2E
1924,FShadowReceiveRT2,00056A94
1925,FShadowReceiveRT3,00025A02
1926,FShadowFilter0,000BD17D
1927,FShadowFilter1,000CE1EB
1928,FShadowFilter2,0005B051
1929,FShadowFilter3,000280C7
1930,FShadowFilterPoint0,0005DC75
1931,FShadowFilterPoint1,0002ECE3
1932,FShadowFilterPoint2,000BBD59
1933,FShadowFilterPoint3,000C8DCF
1934,FShadowFilterMulti,004BF5E3
1935,FShadowFilterPointMulti,004B329D
1936,FShadowMultipleReceiveRT,00156A59
1937,FShadowMultiReceiveCascadeSSMRT,001E2C23
1938,FShadowMultiReceiveSmoothCascadeSSMRT,001D2DA3
1939,FShadowMultiReceiveLSMRT,001682E1
1940,FShadowMultiReceiveCascadeLSMRT,001E2C70
1941,FShadowMultiReceiveSmoothCascadeLSMRT,001D2DF0
1942,FShadowMultiReceiveSpotVSMRT,0011F5D2
1943,FShadowMultiReceivePoint,00120870
1944,FLightMaskShadowMultiRT0,00A6AE3D
1945,FLightMaskShadowMultiRT1,00A19EAB
1946,FLightMaskShadowMultiRT01,014D4A85
1947,FGaussianFilterH,041AF972
1948,FGaussianFilterV,0415C411
1949,FIntensityWeight,040DDF19
1950,FIntensityWeightGrayScale,040E0DB9
1951,FIntensityWeightRGB,040CBD42
1952,FIntensityWeightRGBA,0407DD07
1953,FDispersionMap,0009B576
1954,FBilateralFilterH,042FDD78
1955,FBilateralFilterV,0420E01B
1956,convZValue,00079AAB
1957,FClampSceneUV,0007AC11
1958,FClampSceneUVClip,0009F126
1959,FClampSceneUVSmooth,00092205
1960,FPrimitiveSample,0007969D
1961,FPrimitiveSampleNoTexture,00090F67
1962,FPrimitiveSampleBaseMap,040309BF
1963,FPrimitiveSampleBaseMapParalax,040C5C9B
1964,FPrimitiveSampleBaseMapLin,040328B0
1965,FPrimitiveSampleBaseMapParalaxLin,040833EF
1966,FPrimitiveSampleAlphaMap,00021006
1967,FPrimitiveSampleAlphaMapPoint,0406188F
1968,FPrimitiveSampleAlphaMapParallaxPoint,04068560
1969,FPrimitiveSampleAlphaMapLin,0407351C
1970,FPrimitiveSampleAlphaMapParallaxLin,04073A75
1971,FPrimitiveOcclusionSphere,0006AB1D
1972,FPrimitiveOcclusionLensFlare,000EE836
1973,FPrimitiveOcclusionFactor,0007219A
1974,FPrimitiveOcclusionFactorDefault,041EABD6
1975,FPrimitiveOcclusionFactorOccMap,0419EF69
1976,FPrimitiveOcclusionFactorPS,001EBE13
1977,FPrimitivePSOcclusion,000AB745
1978,FPrimitivePSOcclusionDefault,0401FFE8
1979,FPrimitiveColTexInfluence,000BDB59
1980,FPrimitiveColTexInfluenceDefault,00072E14
1981,FPrimitiveColTexInfluenceTexRGBColA,0005463C
1982,FPrimitiveCalcColorInt,00072458
1983,FPrimitiveCalcColorIntDefault,00096D71
1984,FPrimitiveCalcIntensity,0002A876
1985,FPrimitiveCalcIntensityDefault,0009DA92
1986,FPrimitiveCalcFresnel,0003849D
1987,FPrimitiveCalcFresnelDefault,00044DE4
1988,FPrimitiveSceneSampler,000568CF
1989,FPrimitiveSceneSamplerBlur,04148295
1990,FPrimitiveSceneSamplerBlurNoTex,04156FD7
1991,FPrimitiveSceneSamplerRefract,041F9A81
1992,FPrimitiveSceneSamplerRefractNoTex,04176483
1993,FPrimitiveSceneSamplerRefractZ,0815E4C6
1994,FPrimitiveSceneSamplerRefractZBlur,08106D45
1995,FPrimitiveSceneSamplerRefractZNoTex,081746D2
1996,FPrimitiveSceneSamplerRefractZBlurNoTex,0813F677
1997,FPrimitiveSceneSamplerDistortion,0410F09E
1998,FPrimitiveSceneSamplerDistortionNoTex,041958CA
1999,FPrimitiveToneMap,00067203
2000,FPrimitiveToneMapNone,0000537E
2001,FPrimitiveMaskMap,0005EE6E
2002,FPrimitiveMaskMapDefault,04033A48
2003,FPrimitiveMaskMapParallax,040F46D8
2004,FPrimitiveCalcNormalMap,000D12E2
2005,FPrimitiveCalcNormalMapDefault,040E7117
2006,FPrimitiveCalcNormalMapParallax,040847F6
2007,FPrimitiveCalcNormalMapMask,0000B506
2008,FPrimitiveClip,000FE61F
2009,FPrimitiveClipDefault,000FD5EA
2010,FPrimitiveVSAlphaClip,000FE190
2011,FPrimitiveVSAlphaClipDefault,000B0932
2012,FPrimitiveAlphaToColor,0000B36E
2013,FPrimitiveAlphaToColorDefault,000A2887
2014,FPrimitiveUVOffset,00088784
2015,FPrimitiveUVOffsetDefault,041D16C6
2016,FPrimitiveModelSceneSampler,000E2CAC
2017,FPrimitiveModelSceneSamplerBlur,04155048
2018,FPrimitiveModelSceneSamplerRefract,0410BBD9
2019,FPrimitiveModelSceneSamplerRefractAlpha,081EAD99
2020,FPrimitiveModelSceneSamplerRefractDisplaceUV,041D633D
2021,FPrimitiveModelSmoothAlpha,0007C075
2022,FPrimitiveModelSmoothAlphaDefault,000DEBB2
2023,FPrimitiveModelSmoothAlphaInverse,000A428D
2024,FPrimitiveModelSmoothAlphaVertexNormal,00070250
2025,FPrimitiveModelSmoothAlphaVertexNormalInverse,00018BA1
2026,FPrimitiveTransparency,00042C02
2027,FPrimitiveTransparencyVolume,0409FF11
2028,FPrimitiveLevelCorrection,0002DB03
2029,FPrimitiveLevelCorrectionLinear,00013CC7
2030,FPrimitiveLevelCorrectionNeg,000AAB69
2031,FPrimitiveLevelCorrectionPos,000719E4
2032,FPrimitiveLevelCorrectionAlphaLinear,0004AA01
2033,FPrimitiveLevelCorrectionAlphaNeg,0008442E
2034,FPrimitiveLevelCorrectionAlphaPos,0005F6A3
2035,FBlendFogPrimAlpha,00008A9F
2036,FBlendFogPrimBlend,000DC2DD
2037,FPrimiteveColorModifier,0049E920
2038,FOcclusionFactorFilter,001181E9
2039,FFOcclusionFactor,000CFC44
2040,FFOcclusionFactorFromTexture,040C5B36
2041,FRadialFilterSampleColorScale,000602A0
2042,FRadialFilterSampleColorScaleFade,001BDD2C
2043,FRadialFilterMask,0405C42E
2044,FRadialFilterMaskDisable,0003FA1C
2045,FRadialFilterAlpha,0006C183
2046,FRadialFilterAlphaColor,00055296
2047,FRadialBlurWidth,00050B1A
2048,FRadialBlurWidthOcclusion,0009CA74
2049,FRadialBlurAlpha,000F775F
2050,FRadialBlurAlphaOcclusion,0001A5F8
2051,VS_RadialBlurFilter,004B53A4
2052,PS_RadialBlurFilter,044758B7
2053,FFeedbackBlurFilter,04093155
2054,VS_TVNoiseFilter,000B1253
2055,PS_TVNoiseFilter,0C0A7BB7
2056,FTVNoiseFilterScanLine,000778FA
2057,FFishEye,040BA89D
2058,FFilterColorCorrect,0400B157
2059,FFilterColorCorrectTable,080BAB81
2060,FFilterColorCorrectVolumeInterpolateHQ,040272FE
2061,FFilterColorCorrectVolumeInterpolate,040EF754
2062,FFilterColorCorrectVolume,0419C764
2063,FFilterColorCorrectVolumeSRGB,04131AD3
2064,FFilterHermiteToneCurve,0007D40D
2065,FVarianceFilter,000D6D5B
2066,FCubeMapVarianceFilter,000A7887
2067,FCubeMapVarianceFilterDir,001D209E
2068,FVarianceFilterH,0415ECB3
2069,FVarianceFilterV,041AD1D0
2070,FVarianceFilterCubeDirH,000898B2
2071,FVarianceFilterCubeH,041D2A8B
2072,FVarianceFilterCubeDirV,0007A5D1
2073,FVarianceFilterCubeV,041217E8
2074,FVarianceMakeMipLevel,040753AD
2075,FVarianceMakeMipLevelCube,04010536
2076,VS_VarianceFilter,00032036
2077,PS_VarianceFilter,0017973E
2078,VS_CubeMapVarianceFilter,00297A5F
2079,PS_CubeMapVarianceFilter,0014280F
2080,FDepthToVariance,0403D2C2
2081,PS_BloomFinalOut,08059B2C
2082,PS_BloomExtraction,040F392C
2083,PS_BloomExtractionCTR,040417BF
2084,PS_BloomDownSample4,0407F59B
2085,VS_BloomConeBlur,0001EAD7
2086,VS_BloomGaussBlur,000BBB02
2087,PS_BloomGaussBlur,040F0C0A
2088,PS_BloomConeBlur,04008333
2089,PS_BloomGather,10080078
2090,FBaseLightScattering,00000479
2091,FFogLightScattering,001F00A1
2092,FFogVTFLightScattering,001C3647
2093,FFilterLightScatteringMul,000B6750
2094,FFilterLightScatteringMulRC,0005DB48
2095,FFilterLightScatteringAdd,00133516
2096,FFilterLightScattering,04178AAD
2097,FImageBlend,000132B0
2098,FImageBlendScreen,000525D5
2099,FImageBlendOverlay,0001CC80
2100,FImageBlendSoftLight,000112BF
2101,FImageBlendHardLight,00096667
2102,FImageBlendDodge,000A6763
2103,FImageBlendBurn,000DA258
2104,FImageBlendDarken,0008699C
2105,FImageBlendLighten,000730C3
2106,FImageBlendDifference,0004F6E6
2107,FImageBlendExclusion,0000919C
2108,VS_ImagePlaneFilter,00023413
2109,PS_ImagePlaneFilterBase,0409CCE6
2110,PS_ImagePlaneFilterCube,0403833F
2111,PS_ImagePlaneFilterBaseEx,08164C46
2112,PS_ImagePlaneFilterCubeEx,081F9E5B
2113,FFilterHaze,0C046443
2114,FFilterHazeInverse,0C0834FF
2115,FFilterHazeDepth,0C019665
2116,FToneMapLinear,00026E93
2117,FToneMapExposure,0002304D
2118,FToneMapExposureEx,000EC1C8
2119,FToneMapReinHard,000ECB08
2120,VS_AvgLogInit,00011225
2121,VS_AvgLog16,000CEF8B
2122,PS_AvgLog16,040925C8
2123,PS_AvgLogFinal,08085C69
2124,PS_AvgLogInit,0404CDF8
2125,PS_AverageCount,040C83BC
2126,FFilterColorFog,0012D7B0
2127,FFilterColorFogHeight,001D1BD3
2128,VS_CubicBlur,00033138
2129,PS_CubicBlur,040E94D8
2130,VS_CubicBlend,0000B0C3
2131,PS_CubicBlend,08056F1E
2132,FDOFFilterDownScale,040C4BEB
2133,correctDepthSub,00060F70
2134,FDOFFilterPoisson,041CAAD8
2135,FDOFFilterLight,04142759
2136,FDOFFilterLight2,041FFCF7
2137,FGSDOFCopy,080EF51F
2138,VS_GSDOFFilter,08009077
2139,GS_GSDOFFilter,000D4D6D
2140,PS_GSDOFFilter,0402DBC1
2141,FSSAOFilterDepthDownScale,040138D6
2142,FSSAOFilterLinearDepthDownScale,040D8E2D
2143,FSSAOFilterMakeLinearDepth,0405C230
2144,VS_SSAOMakeNormal,0007B79C
2145,PS_SSAOMakeNormal,04030094
2146,VS_SSAOMakeOcclusionMap,000319F5
2147,FSSAOBounce,080F4A68
2148,FSSAOBounceDisable,000961B8
2149,getIntensityBothFaces,00099F62
2150,getIntensitySingleFace,0001B77B
2151,FSSAOIntensityDisable,000512BF
2152,getBiasedViewPosition,0000021F
2153,getOccluderMatrix,0407913A
2154,getScaleOffset,000E5955
2155,PS_SSAOMakeOcclusionMap,08396B8F
2156,PS_SSAOMakeSingleFaceOcclusionMap,043939C1
2157,FSSAOApplyAmbientOcclusion,0807CB3D
2158,FSSAOApplyIndirectBounce,040AF755
2159,FBokehAlpha,000BB7BC
2160,FBokehCompressFactor,000C22FB
2161,FBokehCompressRangeFactor,00085631
2162,FBokehBleeding,0007B7EE
2163,FBokehAntiBleeding,00091BF3
2164,FBokehMask,042D7090
2165,FBokehMaskDither,04223B63
2166,FBokehReductionBlend,0404E727
2167,FBokehNearCopy,0407077F
2168,FBokehInflateMask,041253FC
2169,FBokehMaskValue,0001282F
2170,FBokehInverseMaskValue,00056A09
2171,FBokehAntiBleedingMaskValue,00089867
2172,FBokehAntiBleedingInverseMaskValue,00068972
2173,FBokehCalculation,0431196D
2174,FBokehDefaultFarZ,0003C0BE
2175,FBokehReductionFarZ,04070A6C
2176,FBokehFarFilter,044E397A
2177,FBokehNearFilter,0848BA48
2178,FFilterEdgeAntiAliasingGetDepth,0400C717
2179,FFilterEdgeAntiAliasingGetEdgeWeight,0012E65A
2180,FFilterEdgeAntiAliasingGetEdgeWeightFast,001466D3
2181,FFilterEdgeAntiAliasing,041F07A0
2182,FFilterEdgeAntiAliasingDynamicBranch,0417CA01
2183,FFilterEdgeAntiAliasingOutputWeight,001D0799
2184,FFilterGodRaysAlpha,000F5D2C
2185,FFilterGodRaysAlphaOcclusion,00145115
2186,FFilterGodRaysScale,000941C2
2187,FFilterGodRaysScaleOcclusion,00170E8A
2188,FFilterGodRaysSourceColor,000E82AA
2189,FFilterGodRaysSourceGrayColor,000CEC1A
2190,FFilterGodRaysThreshold,040E79BE
2191,FFilterGodRaysThresholdWithZ,08027AA0
2192,FFilterGodRaysThreshold3DBoundMaskWeightZero,04012CED
2193,FFilterGodRaysThreshold3DBound,080A5C8D
2194,FGodRaysDirection,0010E373
2195,FFilterGodRaysIteratorSC,041966CA
2196,FFilterGodRaysBlend,0802156E
2197,FFilterGodRaysP2O,04039A90
2198,FFilterGodRaysO2P,00217328
2199,FFilterGodRaysBegin,002AF153
2200,FFilterGodRays16SamplesIterator,041C38F8
2201,FFilterGodRays8SamplesIterator,041AB85D
2202,FFilterGodRaysCopy,041936E8
2203,FFilterGodRaysGammaCopy,041BAF32
2204,FBlurDistanceMask,000DDEF1
2205,FBlurDistanceMaskEnable,000D182C
2206,FBlurAlphaMask,00068641
2207,FBlurAlphaMaskEnable,0007DC90
2208,FBlurMaskFilter,042C72AB
2209,FBlurMaskCopyColor,0803CF24
2210,FCAFishEye,000D5EBE
2211,FCANormalMap,0403ACFB
2212,FChromaticAberrationFilter,0413DB34
2213,FChromaticAberrationFilterHQ,0827DCC7
2214,FChromaticAberrationFilterDownSample,0411847F
2215,VS_TangentFilter,0002426F
2216,PS_TangentFilter_Blur4,0806D720
2217,PS_TangentFilter_Blur8,08009B0B
2218,FTangentModifier,002A6F71
2219,NullLightTexture,000FB7FE
2220,SpotLightTexture,200025DE
2221,PointLightTexture,20069CC2
2222,SpotPointLightTexture,4007618E
2223,FBruteForceLighting,008B2191
2224,FBruteForceLightingNullLightTexture,0064D71A
2225,FBruteForceApproximateLighting,0067A5B5
2226,calcScreenZtoViewDepth,00091A61
2227,calcScreenUVtoViewDepth,040C8DA1
2228,calcFog,00101A46
2229,FPrimitiveCalcTexCoord,000C3985
2230,FPrimitiveCalcTexCoordNormalize,0006484A
2231,FPrimitiveCalcTexCoordTexel,0003D89B
2232,calcZOffset,0009DC30
2233,FPrimitiveCalcPos,000AF198
2234,FPrimitiveCalcPosParticle,000B636F
2235,FPrimitiveCalcPosParticleNT,00026087
2236,FPrimitiveCalcPosPolyline,0007A80E
2237,FPrimitiveCalcPosCloudBillboard,0006FAA7
2238,FPrimitiveCalcPosCloud,0005A1DB
2239,FPrimitiveCalcDepthBlend,000FB0C5
2240,FPrimitiveCalcDepthBlendDefault,000FEC75
2241,FPrimitiveCalcVolumeBlend,0001835B
2242,FPrimitiveCalcVolumeBlendDefault,00046B62
2243,FPrimitiveCalcVolumeBlendPS,0007705E
2244,FPrimitiveCalcVolumeBlendPSVolume,001B7E4F
2245,FPrimitiveCalcVolumeBlendPSInvVolume,001F1900
2246,FPrimitiveCalcVolumeBlendPSDepthVolume,0011A020
2247,FPrimitiveCalcPosVolumeBlendDepthVolume,000A939D
2248,FPrimitiveCalcPosVolumeBlendDepthVolumeDefault,00037B44
2249,FPrimitiveCalcFog,000BFA27
2250,FPrimitiveCalcFogColor,001C87C7
2251,FPrimitiveCalcFogAlpha,001AF644
2252,FPrimitiveCalcFogBlend,0017BE06
2253,FPrimitiveCalcFogPS,00047E36
2254,FPrimitiveCalcFogPSDefault,0018A2BB
2255,FPrimitiveCalcShade,000E44A1
2256,FPrimitiveCalcShadeColor,00084A67
2257,FPrimitiveCalcShadeColorRatio,000AF54F
2258,FPrimitiveCalcEye,000B9085
2259,FPrimitiveCalcEyeDefault,000363D2
2260,FPrimitiveCalcNTB,000E90E0
2261,FPrimitiveCalcNTBPolygon,0004B753
2262,FPrimitiveCalcNTBParticle,000221FC
2263,FPrimitiveCalcNTBPolyline,000EEA9D
2264,FPrimitiveCalcNTBTessParticle,000C887D
2265,FPrimitiveCalcDiffuse,000DFB73
2266,FPrimitiveCalcDiffuseNormalMap,0018C0F6
2267,FPrimitiveUVClamp,000F7B65
2268,FPrimitiveUVClampDefault,0005C0A8
2269,FPrimitiveParallax,00055759
2270,FPrimitiveParallaxDefault,0405E445
2271,FPrimitiveParallaxScale,00068129
2272,FPrimitiveParallaxScaleDefault,000516AC
2273,FPrimitiveCalcSpecular,000F40D5
2274,FPrimitiveCalcSpecularDefault,040B268C
2275,FPrimitiveDepthComparison,000D7D26
2276,FPrimitiveDepthComparisonEnable,04125C07
2277,FPrimitiveCloudEnv,0006441E
2278,FPrimitiveCloudEnvDefault,000D65B3
2279,FPrimitiveCloudColor,0003936B
2280,FPrimitiveCloudColorDefault,000E3689
2281,FPrimitiveTessellate,0423B76F
2282,FPrimitiveTessellateParticle,042E2A78
2283,VS_Primitive,00E8FB4A
2284,PS_Primitive,01555EAA
2285,VS_CloudPrimitive,005A5D61
2286,PS_CloudPrimitive,042EEA69
2287,VS_PrimitiveTessellate,0096352B
2288,PrimitiveConstHS,00008092
2289,HS_PrimitiveTessellate,001303EA
2290,DS_PrimitiveTessellate,0011B6EA
2291,PS_PrimitiveTessellate,01076FAB
2292,calcZOffset2D,0002966D
2293,FPrimitive2DVirtualScreen,000B43BA
2294,FPrimitive2DVirtualScreenFullScreen,000F9955
2295,FPrimitive2DVirtualScreenPanScan,000BCE5D
2296,FPrimitive2DVirtualScreenLetterBox,00003B57
2297,FPrimitive2DCalcPos,00145C10
2298,FPrimitive2DCalcPosPolyline,001BD7C0
2299,FPrimitive2DCalcPosSprite,00168286
2300,FPrimitive2DCalcPosLensFlare,001E976E
2301,FPrimitive2DCalcTexCoord,00017A6E
2302,FPrimitive2DCalcTexCoordNormalize,00050DF8
2303,FPrimitive2DCalcTexCoordTexel,000075CA
2304,FPrimitive2DLensFlareIntensity,0004DA3F
2305,FPrimitive2DLensFlareIntensityDefault,000C7D28
2306,VS_Primitive2D,0098E66B
2307,PS_Primitive2D,00DAADDD
2308,FWaterWPosProt,00026B0E
2309,FWaterWPosProtFromModel,000705C4
2310,FWaterUnitProt,00028D71
2311,FWaterUnitProtFromModel,00065879
2312,calcWavePhase,00066DB6
2313,calcWaveHeight,00014CB8
2314,calcWavePlane,000896FD
2315,FWaterDetailCoodinate,0005CFF6
2316,FWaterDetailWorldCoodinate,000F0914
2317,FWaterDetailTextureCoodinate,000F1C5E
2318,FWaterRipple,040DB41D
2319,FWaterRippleFrustum,040F1BDD
2320,FWaterRippleDisable,00016CF0
2321,FWaterNormal,000CBD1C
2322,FWaterDetailNormal,040AA047
2323,FWaterDetailNormalMulti,080F46E8
2324,calcFluctuation,0000BCF4
2325,FWaterCaustics,04087593
2326,FWaterCausticsDisable,0009C693
2327,FWaterCausticsFilter,001A3EE5
2328,FWaterReflection,040B3AEF
2329,FWaterReflectionEnvironmentMap,0406400A
2330,FWaterRefraction,040B9F6A
2331,FWaterRefractionScene,0813BF19
2332,FWaterRefractionOcean,000900DD
2333,FWaterBubbleCoordinate,000E27FC
2334,FWaterBubbleWorldCoordinate,00054B8E
2335,FWaterBubbleTextureCoordinate,00016553
2336,getBubbleColor,0401B889
2337,FWaterBubbleMask,080267F8
2338,FWaterBubbleMapMask,040E76A0
2339,FWaterBubble,0009240F
2340,FWaterBubbleNormal,003447B1
2341,FWaterBubbleDepth,0039A4C2
2342,FWaterBubbleHeight,003CCA5A
2343,FWaterShadow,040F57D5
2344,FWaterShadowDisable,000CC910
2345,FWaterVolumeBlend,000F87FF
2346,FWaterVolumeBlendDisable,000D5386
2347,FWaterTransform,0007F3E5
2348,WaterWindEffect,001ADA81
2349,FWaterWindTransform,001971C0
2350,FWaterTransformVTF,0404A85B
2351,VS_Water,00315F1C
2352,PS_Water,04AE569B
2353,VS_WaterMask,0028466A
2354,PS_WaterMask,0005E38A
2355,FWaterCombiner,04233EDD
2356,VS_WaterShadowMap,002D2878
2357,PS_WaterShadowMap,04099F70
2358,FWaterShadowFace,000114CA
2359,FWaterShadowReceiveCascadeLSM,04033E10
2360,FWaterShadowReceiveSingleLSM,0408161A
2361,FWaterShadowReceive,040AB570
2362,encodeRippleHeight,000C5DA6
2363,decodeRippleHeight,0004FF5D
2364,VS_WaterRipple,000B074C
2365,PS_WaterRipple,04094CFA
2366,FWaterHeight2Normal,04043252
2367,VS_WaterWPosB,001C3216
2368,PS_WaterWPosB,0429EDCB
2369,FGUICalcPosition,000B4DCD
2370,FGUICalcPosition2D,000841DD
2371,FGUICalcPosition3D,0003709C
2372,FGUICalcPositionDev,000D8320
2373,FGUICalcPositionDev2D,0004BACD
2374,FGUICalcPositionDev3D,000F8B8C
2375,FGUICalcUV,000C0585
2376,FGUICalcUVWrap,000F6EE2
2377,FGUICalcUVClamp,000040F4
2378,FGUICalcUVAlphaMask,000774A2
2379,FGUICalcUVAlphaMaskOn,000237FC
2380,FGUIGetVertexColor,001CC20B
2381,FGUIGetVertexColorStatic,00146884
2382,FGUICalcColorScaling,0005078E
2383,FGUICalcColorScalingOn,000FD886
2384,FGUICalcColorAttribute,0009A4D7
2385,FGUICalcColorAttributeOn,0009CB55
2386,FGUICalcColorAlphaMask,0002CF62
2387,FGUICalcColorAlphaMaskWrite,000128B0
2388,FGUICalcColorAlphaMaskApply,0405DEF0
2389,FGUICalcColor,0043A00A
2390,FGUITextureSampling,040F1CFF
2391,VS_GUI_Polygon,003E4A77
2392,VS_GUI_Texture,003C6617
2393,VS_GUI_Blend,002F1049
2394,VS_GUI_Dev,002B64D7
2395,PS_GUI_Polygon,001C01C1
2396,PS_GUI_Texture,003E2DA1
2397,PS_GUI_Blend,0432B5A9
2398,PS_GUI_Dev,00151490
2399,FDegamma,00030313
2400,FDegammaDesable,0006AC91
2401,FYUVDecoder,0C1D0700
2402,FProjectionTextureColor,00001AF6
2403,FProjectionTextureColorR,000667EB
2404,FProjectionTextureColorG,000B8300
2405,FProjectionTextureColorB,0001778F
2406,FProjectionTextureColorA,00082635
2407,getProjectionTexture,04141119
2408,FProjectionTexture,001D8B7A
2409,VS_TextureBlend,0000A548
2410,PS_TextureBlend,080A71BA
2411,PS_TextureBlendCube,08094AF6
2412,convRot,000CC589
2413,FGPUParticleCalcPos,00027838
2414,FGPUParticleCalcPosParticle,00058491
2415,FGPUParticleCalcPosLineParticle,000192B0
2416,FGPUParticleCalcPosPolylineParticle,00035C88
2417,FGPUParticleIntensity,0002D29D
2418,FGPUParticleIntensityDefault,0005E1F9
2419,FGPUParticleCalcTexCoord,0004E2E1
2420,FGPUParticleCalcTexCoordNone,000A1DD8
2421,FGPUParticleCalcTexCoordDefault,000FE9FD
2422,FGPUParticleCalcTexCoordPolyline,00036B00
2423,FGPUParticleSample,00011752
2424,FGPUParticleSampleNoTexture,0007E899
2425,FGPUParticleSampleBaseMap,040CB425
2426,FGPUParticleSampleBaseMapLin,0408894C
2427,FGPUParticleToneMap,000EFBA3
2428,FGPUParticleToneMapDefault,00001727
2429,FGPUParticleToneMapNone,000CFCEB
2430,FGPUParticleCalcDepthBlend,000F9522
2431,FGPUParticleCalcDepthBlendNone,00031448
2432,FGPUParticleCalcDepthBlendDefault,000690E6
2433,FGPUParticleFogVS,00030F6F
2434,FGPUParticleFogVSColor,00194FC4
2435,FGPUParticleFogVSAlpha,001F3E47
2436,FGPUParticleFogVSBlend,00127605
2437,FGPUParticleFogPS,0009A8E9
2438,FGPUParticleFogPSDefault,00134D39
2439,FGPUParticleVSAlphaClip,00034E05
2440,FGPUParticleVSAlphaClipDefault,00036EC6
2441,FGpuParticleLevelCorrection,00048C5B
2442,FGpuParticleLevelCorrectionLinear,000C2431
2443,FGpuParticleLevelCorrectionNeg,00043997
2444,FGpuParticleLevelCorrectionPos,00098B1A
2445,VS_GpuParticle,007CB561
2446,VS_GpuParticle2,00005CFB
2447,calcPos,000111F9
2448,GS_GpuParticle,0041687B
2449,PS_GpuParticle,005EFED7
2450,VS_LightShaft,001E760D
2451,calcLightShaftSearchLength,0008026D
2452,PS_LightShaft,081BA9D0
2453,FMarkPoint,000FB1BD
2454,FMarkLine,000D2FF3
2455,FMarkLoopPoint,0007A78C
2456,FMarkLoopLine,0001300B
2457,FMarkDisable,000DEC2B
2458,FMark,002C2758
2459,FGrassMaterialNormal,080EC675
2460,FGrassInput,000A9507
2461,FGrassCompressedInput,0003A706
2462,FGrassPosition,0002635E
2463,FGrassBillboardPosition,000FFE1A
2464,FGrassChainPosition,00064D6B
2465,FGrassUV,0002D697
2466,FGrassBillboardUV,00073448
2467,FGrassChainUV,0007FB36
2468,FGrassNormal,0007771A
2469,FGrassBillboardNormal,0004108C
2470,FGrassChainNormal,00037AC9
2471,FGrassTangent,0009A961
2472,FGrassBillboardTangent,0001BC77
2473,FGrassChainTangent,00077E02
2474,FGrassCosSin,0007201F
2475,FGrassCosSinFromAngle,00004047
2476,FGrassShapeInvisible,000A804D
2477,FGrassXZRotate,000B9287
2478,FGrassXZRotateEnable,000CE871
2479,FGrassUVSwitchDisable,0002F679
2480,FGrassUVSwitch,000EF436
2481,FGrassUVMixer,0006FBFA
2482,FGrassUVMixerEnable,003AAD2D
2483,FPerVertexShadowFilter4x4,00102398
2484,getDepthColumn6,0017C847
2485,FPerVertexShadowFilter6x6,001A96DA
2486,getDepthColumn8,001FE540
2487,FPerVertexShadowFilter8x8,001C96D7
2488,FFixedCoordinate,000174A8
2489,FGrassDiffuse,000274F8
2490,FGrassFade,000127EE
2491,FBRDFGrassDiffuse,000FEFEB
2492,FBRDFGrassDefault,00003945
2493,FGrassAdjustNormal,000BC971
2494,FGrassAdjustNormalDisable,00072835
2495,FGrassIllumination,0021F06F
2496,FGrassLightMask,0007ACA5
2497,FGrassPerVertexLightMask,0402E92F
2498,FGrassPerVertexShading,002D227B
2499,FGrassPerPixelLightMask,040DC762
2500,FGrassUsePosition,000C46C1
2501,FGrassUsePointPosition,000EC07A
2502,FGrassPerPixelShading,0029B71E
2503,FGrassShadingDisable,000EBF5F
2504,FDirectionalWind,001F92F0
2505,FGrassGlobalWind,0015AFCB
2506,FGrassGlobalWind_Disable,00051759
2507,FDynamicEditMapCoordinate,0004EED9
2508,FDynamicEditMapReject,0003DA31
2509,FDynamicEditMapFade,00034441
2510,FDynamicEditMapScaling,00086E24
2511,FDynamicEditMapLying,00016BF0
2512,FDynamicEditMapCoordinateEnable,000693B8
2513,FDynamicEditMapRejectEnable,040D2941
2514,FDynamicEditMapFadeEnable,04027CCC
2515,FDynamicEditMapScalingEnable,0400DD52
2516,FDynamicEditMapLyingEnable,040DF895
2517,FGrassConstraint,000CA942
2518,FGrassConstraintBillboard,0006BE78
2519,FGrassInfo,00ADFB19
2520,FGrassInfoWithNormal,00AE6474
2521,VS_GrassLowest,006C2C4F
2522,VS_Grass,00BFD435
2523,PS_Grass,0840DDB2
2524,PS_GrassFinalCombiner,0830D444
2525,VS_GrassShadowReceive,0079D4C3
2526,PS_GrassShadowReceiveTransparent,0421FD1A
2527,PS_GrassShadowReceiveZPass,041432F8
2528,VS_GrassPointMap,003FBE17
2529,PS_GrassPointMap,001ED7F3
2530,VS_TransitionDynamicEdit,000B0464
2531,PS_TransitionDynamicEdit,04065634
2532,VS_DynamicEdit,000476EF
2533,PS_DynamicEdit,04063D59
2534,VS_Grass_Deferred,008D7B08
2535,PS_Grass_Deferred,0429CC00
2536,FFilterDeferredRendering,04117DDB
2537,VS_GrassOutsourceing,00761957
2538,VS_GrassDummy,0044389F
2539,PS_GrassDummy,0401E742
2540,VS_GrassShadowDummy,00027310
2541,PS_GrassShadowDummy,000E7803
2542,FMirageModColor,000ABF76
2543,FMirageModColorDebug,0001B348
2544,FMirageSampleScene,040ED727
2545,FMirageSampleSceneRefractionMap,040075F3
2546,FMirageRefract,000DFB26
2547,FMirageRefractDefault,0009D1DA
2548,FMirageCalcOutput,00188B9C
2549,FMirageCalcOutputNoise,041AB760
2550,FMirageDepthBlend,000CD3C0
2551,FMirageDepthBlendDefault,040E7A09
2552,FMirageSectCombiner,043276F0
2553,FMirageClamp,000658C5
2554,FMirageClampNearFar,00001D57
2555,VS_Mirage,001913EF
2556,PS_Mirage,04536A65
2557,VS_MirageSect,00187985
2558,PS_MirageSect,000DA658
2559,VS_HeatDepth,001C63AA
2560,PS_HeatDepth,0001C64A
2561,FSimWaterSimpleTexVS,0002BE33
2562,FSimWaterSimpleTexPS,040819B5
2563,SbPositionToTexCoordX,000DD696
2564,SbPositionToTexCoordY,000AE600
2565,SbPositionToTexCoord,00028F5C
2566,SbTexCoordToPositionX,000889FA
2567,SbTexCoordToPositionY,000FB96C
2568,SbTexCoordToPosition,00003C00
2569,SbIdxToTexUV,0007925B
2570,SbIdxToTexCoord,000BC824
2571,SbIdxToPosition,000B77D8
2572,SbNormalPackF16,000538DA
2573,SbNormalUnpackF16,0008F4F1
2574,SbNormalPackF32,000E9E41
2575,SbNormalUnpackF32,0003526A
2576,fSbRand,000D827C
2577,fSbRand2,000EC115
2578,unpackU8U8,0002343D
2579,SbPassThroughVS,00093350
2580,SbApplyWorldOffsetPS,0402FDFA
2581,SbApplyWorldOffsetPS_XBOX,08090389
2582,SbToLocalSpacePS,040BDC66
2583,SbToLocalSpacePS_XBOX,080C8B7F
2584,SbInitPS,08073EE8
2585,SbInitPS_XBOX,0C099472
2586,SbLodTransPS,100FAD3F
2587,SbLodTransPS_XBOX,14034E74
2588,SbPsSkinningPS,1016BC16
2589,SbPsSkinningPS_XBOX,101C348E
2590,SbPsSkinningAddPosPS,0C05B584
2591,SbPsSkinningAddPosPS_XBOX,180B5EA6
2592,SbIntegratePS,0C2CDCBC
2593,SbIntegratePS_XBOX,142DF426
2594,SbPlaneConstraint,0005987E
2595,SbSphereConstraint,000F984C
2596,SbCapsuleConstraint,000E9BAC
2597,SbBoxConstraint,0000B8AC
2598,SbTriangleConstraint,0014FED6
2599,SbIscCalcFt,00021277
2600,SbIscCalcBk,0006DA86
2601,SbPrimCollision,14158303
2602,SbSolveConstPS,0C1994B4
2603,SbSolveConstPS_XBOX,1819989D
2604,SbSolveEdgeConst2PS,0C015C61
2605,SbSolveEdgeConst2PS_XBOX,140BA525
2606,SbIscConstraint,082CE4FD
2607,SbSolveConstIscPS,081811E3
2608,SbSolveConstIscPS_XBOX,0C1EF44F
2609,SbCreateDepthNormVS,001C4EE3
2610,SbCreateDepthNormFrontPS,00023481
2611,SbCreateDepthNormBackPS,000A6FE8
2612,SbFilterDepthNormPS,04062E88
2613,FTattooUV,000814F1
2614,FTattooUVNormalMap,000357E6
2615,VS_Tattoo,001A562C
2616,FTattooOutput,000C56AB
2617,FTattooOutputHeight,000CD82C
2618,PS_Tattoo,04102FA6
2619,getTattooHeight,040C1186
2620,FTattooHeightToNormal,0015C0C8
2621,VS_TattooNormalBlend2D,000B9FFC
2622,PS_TattooNormalBlend2D,080AC57C
2623,FBuilderSample,0003C91B
2624,FBuilderSampleBaseMap,040DC3EF
2625,VS_Builder,0000B4F4
2626,PS_Builder,001EC4B3
2627,getOpticalDepth,0004C280
2628,getCrossPoint,00022411
2629,FRayleighDepthMap,001C013C
2630,FMieDepthMap,00149A07
2631,getAtmosphereDepth,0400C49A
2632,getAerosolDepth,04043AAC
2633,getRayleighScatter,040F30B6
2634,getMieScatter,0405E2B4
2635,getCloudScatter,0401FFF8
2636,getOpticalDepthMap,00291E4D
2637,updateDepth,0014EB16
2638,updateDensity,000FCDF4
2639,getCloudDepth2,00093208
2640,getCloudDepth,000555A6
2641,updateCloudDepth,000889A5
2642,calcScatter,0003AC1A
2643,calcScattering,0031B716
2644,FSkyMapBeginEnd,00083B45
2645,FSkyMapBeginEndRayleigh,000148D7
2646,FSkyMapBeginEndMie,00035374
2647,FSkyMapBeginEndCloud,000FD138
2648,FSkyMapOutputSelect,0002D056
2649,FSkyMapOutputSelectRayleigh,000861E8
2650,FSkyMapOutputSelectMie,00040E62
2651,FSkyMapOutputSelectCloud,000DE721
2652,FSkyCorrectHorizon,0001AF82
2653,FSkyCorrectHorizonDisable,000EC5C7
2654,FSkyCorrectHorizonEnable,00062762
2655,VS_SkyMap,0004588C
2656,PS_SkyMap,004E2106
2657,FSkyFog,0003C130
2658,FSkyFinalCombiner,0001A7E5
2659,VS_Sky,001DF444
2660,PS_Sky,04441759
2661,getAstralScattering,043F28EC
2662,VS_SkyAstralBody,0007EB00
2663,PS_SkySunBody,04265A7F
2664,PS_SkyMoonBody,04230648
2665,VS_SkyStar,00075964
2666,PS_SkyStar,04092923
2667,VS_SkyStarrySkyColor,0001D412
2668,PS_SkyStarrySkyColor,000249C7
2669,FDiffuseReflectanceModel,000A32F7
2670,FTexSinTan,000BBF07
2671,FTexOrenNayar,0009515A
2672,FOrenNayarModel,0012166D
2673,FOrenNayarRGBModel,0012F631
2674,FSpecularReflectanceModel,000A0EB5
2675,FTexBeckmannModel,00080B84
2676,FBeckmannModel,00123FBD
2677,FCookTorranceModel,001E4F16
2678,FKelemenSzirmayModel,001AAA19
2679,StrandSpecular,000253F2
2680,FScheuermannModel,0002DB5F
2681,FTexAnisotropicPhongSpecularModel,00095BE4
2682,FTex2AnisotropicPhongSpecularModel,0001B7EB
2683,FAnisotropicPhongSpecularModel,002A8FDA
2684,FTexAnisotropicPhongDiffusegModel,000815F2
2685,FAnisotropicPhongDiffusegModel,001BC1CC
2686,FBRDFCray,001D91D2
2687,FBRDFBeckmann,00197E13
2688,FBRDFMetal,0012AB9F
2689,FBRDFSkin,0029517D
2690,FBRDFHair,0007587A
2691,FBRDFHairHalfLambert,000F9BBA
2692,FBRDFAnisotropicPhong,0021582C
2693,VS_AmbientShadow,00016563
2694,FAmbientShadowDecay,00044EB2
2695,FAmbientShadowDecayUniform,0002E316
2696,FAmbientShadowDecayPerspective,00088B4A
2697,FAmbientShadowImage,000F8D4B
2698,FAmbientShadowTexture,0405339E
2699,FAmbientShadowCircular,0004AAAC
2700,FAmbientShadowCircularSpread,0007BC43
2701,PS_AmbientShadow,04200C87
2702,PS_AmbientShadowAlpha,042D03A9
2703,VS_OcclusinQuery_Basic,0011E753
2704,PS_OcclusinQuery_Basic,0000BDD3
2705,FOutputTexcoord,00032248
2706,FMRTNormalCombinear,08000FE5
2707,FTriangleVertexSelector,001F441E
2708,FTriangleVertex1,001C6F8B
2709,FTriangleVertex2,00153E31
2710,VS_VertexOutput,002542A8
2711,PS_VertexOutput,000F965A
2712,PS_VertexOutput3T,0005305D
2713,VS_ModelNormalize,00154A8E
2714,PS_ModelNormalize,0401FD86
2715,PS_NormalizedSeparation,0806F91B
2716,FMirrorFilter,0009DFC3
2717,VS_Mirror,00030109
2718,PS_Mirror,04197883
2719,calcPRNG,000B41E7
2720,calcCurvePosition,000AD066
2721,calcParticleRatio,0008C954
2722,calcParticleIntensity,0000B86A
2723,FInfParticleRandomizePos,00007F98
2724,FInfParticleRandomizePosDefault,0018E9F8
2725,FInfParticlePos,000D1292
2726,FInfParticlePosSpline,00091D0C
2727,FInfParticlePosBezier,0006808F
2728,FInfParticleColor,000ADC7A
2729,FInfParticleColorConstant,00052BF3
2730,FInfParticleColorConstantBlend,000FCAC3
2731,FInfParticleColorLerp,0008F4C5
2732,FInfParticleColorLerpBlend,000DE400
2733,calcParticleRotation,000EEAFF
2734,FInfParticleSample,00059724
2735,FInfParticleSampleAlbedo,0403AD32
2736,FInfParticleCalcTexCoord,000FC268
2737,FInfParticleCalcTexCoordPattern,0002B0BF
2738,FInfParticleTexturePattern,000DFE21
2739,FInfParticleTexturePatternIndependent,0008A2AC
2740,FInfParticleTexturePatternAnimate,00064DF8
2741,FInfParticleVSAlphaClip,0001BFE5
2742,FInfParticleVSAlphaClipDefault,00043F17
2743,VS_InfParticle,00905188
2744,VS_InfParticle2,00085AC3
2745,calcTexcoord,00005E3D
2746,GS_InfParticle,008D8C92
2747,PS_InfParticle,00521A3E
2748,FUserAlbedoMapNoAlpha,04113F60
2749,FUserAlbedoMapIndirect,08131540
2750,FUserAlbedoMapFrozen,081100CE
2751,FUserDiffuseStageFloor,042ECED8
2752,FUserDiffuseConstantMul,000F02CC
2753,FUserSimpleFinalCombiner,001DBE19
2754,FUserSpecularMapIndirect,08455EFB
2755,FTransparencyMapClamp,0416C084
2756,FFresnelLegacy,00021080
2757,FToonLightCalc,04097281
2758,FToonLightCalcHalf,0406CBB4
2759,FToonLightCalcNone,000C8A5A
2760,FToonLightRevCalc,040CF394
2761,FToonLightRevCalcHalf,0400DCFA
2762,doRGB2HSV,00035689
2763,doHSV2RGB,000FC148
2764,FCalcRimLight,001FE78B
2765,FCalcRimLightDefault,001CC36F
2766,FCalcRimLightNone,0000C9FA
2767,FToonShader,002F4AEA
2768,FToonShaderHigh,00253928
2769,FToonShaderNormal,001FD0D9
2770,FDiffuseColorCorectSimple,000ECB66
2771,FDiffuseColorCorect,00035363
2772,FDiffuseColorCorectSH,0013D94C
2773,FDiffuseColorCorectLightMap,00112BF7
2774,FDiffuseColorCorectBone,00028C3B
2775,FSpecularMaskToon,0439DDD7
2776,FToonShaderUroko,002C40DC
2777,FWorldCoordinateSimple,003E054A
2778,FWorldCoordinateSimple2,0030D70B
2779,_FinalCombinerUI,00195080
2780,VS_MaterialUI,007C5EE1
2781,PS_MaterialUI,0059813C
2782,VS_MaterialStgSimple,00769401
2783,PS_MaterialStgSimple,007509D4
2784,PS_MaterialStgSimple2,00808244
2785,PS_MaterialChar,00ACF412
2786,PS_MaterialCharAlpha,00BD8ED5
2787,FFilterCopyColorWhiteBlackUser,0402E972
2788,FFilterCopyColorNega,040CFFC4
2789,FFilterCopyColorMono,040443B2
2790,FFilterSimpleHatching,08074B09
2791,VS_TVNoisePrimitive,00043B57
2792,PS_TVNoisePrimitive,0C083044
2793,VS_MaterialFurSell,007DE962
2794,FFilterAntiEdgeBrightnessDetectionSub,040A486B
2795,FFilterAntiEdgeBrightnessDetectionFastSub,040F3B4A
2796,FFilterAntiEdgeBrightnessDetection,001CE716
2797,FFilterAntiEdgeBrightnessDetectionFast,001078AC
2798,FFilterAntiEdgeBrightness,081C00C8
2799,FFilterAntiEdgeBrightnessEdgeColorOnly,0810CFE2
2800,FFilterAnaglyphEdge,04137011
2801,FFilterAnaglyphEdgeGrayScale,0415AD55
2802,FFilterDistortion,0806E90D
2803,FFilterDistortionColor,0C059E19
2804,TSystem,000A583B
2805,TProceduralTexture,0003D31E
2806,TAntialiasing,00047BF2
2807,TFilter,000316AD
2808,TSMAA,000DD074
2809,TDevelop,000B3467
2810,TCollision,000F0408
2811,TMaterialNull,0004AF70
2812,TMaterialDummy,00010FDC
2813,TDummy,00053E9B
2814,TMaterialDummyEdge,0008A043
2815,TMaterialDummyPicker,00048A50
2816,TMaterialDebug,0000BA44
2817,TMotionBlurFilter,00094525
2818,TMaterialVelocity,00076B01
2819,TMaterialVelocityEdge,00054393
2820,TMaterialOutline,00090AF1
2821,TShadowReceive,00066F2A
2822,TDualParaboloid,0003D37B
2823,TDeferredLighting,00087A4A
2824,TReflectiveShadowMap,000085F0
2825,TMaterialStd,00025FCF
2826,TAdhesion,0000E04E
2827,TMaterialSSS,000A48A5
2828,TMaterialStdEst,000C111E
2829,TModelFog,000D9F30
2830,TMaterialConstant,00056870
2831,TMaterialStdPN,0009F515
2832,TMaterialStdPH,000A5020
2833,TMaterialStdDM,000E73FA
2834,TMaterialStdCafeTes,000F46BA
2835,TShadowCast,00017E15
2836,TRadialBlurFilter,00085247
2837,TTVNoiseFilter,000F34E7
2838,TVarianceFilter,00094385
2839,TBloomFilter,000236FC
2840,TImagePlaneFilter,000135F0
2841,TLogAverage,000F29D7
2842,TCubeMapFilter,00054624
2843,TGSDOFFilter,00055045
2844,TSSAO,000D7309
2845,TTangentFilter,000664DB
2846,TPrimitive,000DEA6D
2847,TPrimitive2D,000D2659
2848,TWater,0002D87E
2849,TGUI,000D7376
2850,TTextureBlend,00078108
2851,TGPUParticle,0005F420
2852,TLightShaft,00066677
2853,TGrass,000C5357
2854,TGrassOutsourceing,000EF994
2855,TGrassDummy,000C28E5
2856,TGrassShadowDummy,000172F3
2857,TMirage,000A401C
2858,TSimWaterSimpleTex,0006F49F
2859,TSoftBody,000EE2DA
2860,TTattoo,000905DF
2861,TBuilder,00079401
2862,TSky,000E530B
2863,TAmbientShadow,000543D7
2864,TOcclusionQuery,000B0751
2865,TReCalcNormal,000F1CCA
2866,TMirror,000052FA
2867,TInfParticle,000591BA
2868,TMaterialUI,00044E9B
2869,TMaterialStgSimple,000E74C2
2870,TMaterialStgSimple2,00090C68
2871,TMaterialChar,000104A0
2872,TMaterialCharAlpha,0006F3C3
2873,TTVNoisePrimitive,00073AB4
2874,TMaterialFurSell,00097137